,config,energy,magnetization
0,"[[-1 -1  1  1  1  1 -1  1 -1 -1  1  1  1  1  1 -1]
 [-1 -1 -1 -1  1  1  1  1 -1  1 -1 -1  1  1  1 -1]
 [ 1  1 -1 -1 -1  1  1  1 -1  1 -1 -1 -1  1  1  1]
 [ 1  1  1  1  1  1 -1  1 -1  1  1  1  1  1  1 -1]
 [ 1  1  1 -1 -1 -1 -1 -1  1  1  1  1  1  1  1 -1]
 [-1 -1 -1 -1 -1 -1  1  1  1  1  1 -1  1 -1 -1 -1]
 [-1 -1  1 -1  1  1 -1  1  1  1  1 -1  1 -1  1 -1]
 [-1  1  1  1  1 -1  1  1  1  1  1 -1 -1 -1 -1 -1]
 [-1  1  1  1  1  1  1  1  1  1 -1 -1 -1 -1  1 -1]
 [-1  1  1  1 -1 -1  1  1  1  1  1 -1 -1  1  1  1]
 [ 1  1  1 -1 -1 -1 -1 -1 -1  1  1 -1 -1  1  1  1]
 [ 1 -1  1 -1 -1 -1 -1 -1 -1 -1 -1 -1 -1 -1  1  1]
 [-1 -1 -1 -1 -1 -1 -1 -1  1  1  1  1 -1  1 -1 -1]
 [-1  1  1 -1 -1  1 -1  1  1 -1 -1 -1 -1  1 -1 -1]
 [ 1  1 -1 -1 -1  1  1  1  1 -1 -1 -1  1 -1 -1 -1]
 [ 1  1  1  1  1  1 -1  1  1  1  1 -1  1 -1  1 -1]]",-0.5625,0.0703125
1,"[[-1  1  1  1 -1  1 -1 -1 -1 -1  1  1  1 -1 -1 -1]
 [-1  1  1  1  1  1 -1 -1 -1 -1  1 -1 -1  1  1 -1]
 [-1 -1 -1  1 -1  1 -1 -1 -1 -1 -1 -1 -1 -1  1  1]
 [-1 -1  1  1  1  1  1  1 -1 -1 -1  1  1  1  1  1]
 [ 1 -1  1  1  1 -1 -1 -1 -1 -1 -1  1  1  1  1  1]
 [ 1  1  1  1 -1 -1 -1 -1 -1 -1 -1 -1 -1  1 -1  1]
 [ 1  1  1 -1  1  1 -1 -1 -1 -1 -1 -1 -1 -1  1  1]
 [ 1  1 -1 -1  1  1  1  1  1 -1 -1 -1 -1 -1  1  1]
 [-1  1 -1 -1  1  1  1  1  1  1 -1  1 -1 -1  1  1]
 [-1 -1  1 -1  1  1  1  1  1  1  1  1  1 -1  1 -1]
 [ 1  1  1  1  1  1  1  1  1  1  1  1  1  1 -1 -1]
 [ 1  1  1  1  1  1  1  1  1  1  1  1  1  1 -1 -1]
 [ 1  1  1  1  1  1  1  1  1  1  1  1 -1 -1 -1  1]
 [-1 -1  1 -1  1 -1  1  1  1  1  1 -1 -1 -1 -1  1]
 [-1  1  1  1 -1 -1  1  1  1  1  1 -1 -1 -1 -1  1]
 [-1  1 -1  1 -1  1  1  1  1 -1  1 -1 -1 -1 -1  1]]",-0.8125,0.15625
2,"[[ 1  1  1 -1  1  1  1 -1 -1 -1  1  1 -1 -1 -1 -1]
 [ 1  1  1  1  1  1  1 -1 -1 -1 -1 -1 -1 -1 -1 -1]
 [-1  1  1  1  1  1  1 -1 -1  1 -1 -1 -1 -1  1 -1]
 [ 1  1  1  1  1  1  1 -1 -1 -1  1  1 -1 -1  1 -1]
 [ 1 -1 -1  1  1  1 -1 -1 -1 -1  1  1  1 -1  1  1]
 [-1 -1 -1  1  1  1  1  1  1  1  1  1 -1 -1 -1  1]
 [-1  1  1 -1 -1  1 -1  1  1  1  1  1 -1 -1 -1 -1]
 [ 1 -1 -1 -1 -1 -1 -1  1  1  1  1  1 -1 -1 -1 -1]
 [-1 -1 -1 -1  1  1 -1 -1  1  1  1 -1  1  1  1  1]
 [-1  1  1  1  1 -1 -1 -1  1  1  1 -1  1  1  1  1]
 [ 1  1 -1 -1 -1 -1 -1 -1  1  1  1  1  1  1  1  1]
 [ 1  1  1 -1 -1 -1 -1 -1  1 -1 -1 -1 -1  1  1  1]
 [ 1 -1  1  1  1 -1 -1 -1  1  1 -1 -1 -1  1  1  1]
 [ 1 -1  1 -1  1  1  1 -1  1 -1  1 -1 -1 -1 -1  1]
 [-1  1  1  1  1 -1  1 -1 -1 -1 -1  1 -1 -1 -1 -1]
 [-1  1 -1 -1  1 -1 -1 -1 -1 -1 -1  1  1  1 -1 -1]]",-0.65625,0.0234375
3,"[[ 1 -1  1  1 -1 -1 -1 -1  1 -1  1 -1 -1 -1  1  1]
 [-1  1  1  1  1  1  1  1  1 -1 -1 -1 -1 -1 -1 -1]
 [ 1  1  1  1  1 -1  1  1  1 -1 -1 -1 -1 -1 -1  1]
 [-1 -1  1  1  1 -1 -1  1  1 -1 -1 -1 -1 -1 -1 -1]
 [-1 -1 -1 -1 -1 -1 -1 -1 -1  1  1 -1 -1 -1 -1 -1]
 [-1 -1 -1 -1 -1 -1 -1 -1  1  1  1 -1 -1 -1 -1 -1]
 [-1 -1  1  1  1 -1 -1 -1  1  1  1 -1 -1 -1 -1 -1]
 [-1 -1  1  1  1 -1  1  1 -1  1  1 -1 -1  1  1 -1]
 [-1 -1  1  1  1 -1 -1 -1 -1 -1  1  1 -1 -1 -1 -1]
 [-1 -1 -1  1 -1  1 -1 -1 -1 -1  1  1  1  1 -1 -1]
 [-1 -1 -1  1  1 -1 -1 -1  1  1  1  1  1  1  1 -1]
 [ 1  1 -1 -1 -1 -1 -1 -1  1  1  1  1  1 -1  1  1]
 [ 1  1  1 -1 -1  1 -1 -1 -1  1  1  1  1  1  1  1]
 [-1 -1 -1 -1 -1 -1 -1  1  1  1  1  1  1  1 -1 -1]
 [-1  1 -1  1  1 -1 -1  1  1  1  1  1  1  1 -1 -1]
 [ 1  1 -1 -1  1 -1 -1 -1  1  1  1 -1 -1  1 -1 -1]]",-0.796875,-0.1171875
4,"[[ 1  1  1  1  1  1  1  1  1 -1 -1  1  1  1  1  1]
 [-1  1  1  1  1  1 -1 -1  1  1 -1  1  1 -1 -1  1]
 [-1 -1 -1  1  1 -1 -1 -1  1  1  1  1  1 -1 -1  1]
 [-1 -1 -1  1  1 -1  1  1  1  1  1 -1 -1 -1 -1 -1]
 [ 1  1 -1  1  1 -1 -1  1  1 -1 -1 -1 -1 -1  1  1]
 [ 1  1  1  1 -1 -1 -1  1  1 -1 -1  1 -1  1  1  1]
 [-1  1  1 -1 -1 -1 -1  1 -1 -1  1  1 -1  1  1  1]
 [-1  1  1  1 -1  1  1 -1  1  1  1  1  1 -1 -1 -1]
 [ 1  1  1  1 -1 -1 -1 -1  1  1  1  1  1 -1  1  1]
 [ 1  1  1  1  1  1  1  1 -1  1  1 -1 -1 -1  1  1]
 [ 1  1  1  1  1  1  1  1  1  1 -1 -1 -1  1  1  1]
 [-1 -1  1  1  1 -1  1  1  1  1  1  1 -1  1  1  1]
 [-1 -1  1  1  1  1 -1 -1  1  1 -1 -1 -1  1  1 -1]
 [-1  1  1  1 -1 -1  1  1 -1 -1 -1 -1 -1  1  1 -1]
 [ 1  1  1  1 -1  1  1  1 -1 -1 -1 -1 -1  1  1  1]
 [ 1 -1 -1  1  1  1 -1  1  1 -1  1  1  1  1  1  1]]",-0.65625,0.25
5,"[[-1 -1  1  1  1  1  1 -1  1  1 -1  1  1 -1 -1  1]
 [-1 -1  1  1  1  1  1 -1 -1  1 -1  1  1 -1 -1 -1]
 [-1 -1 -1  1  1  1  1  1 -1 -1 -1 -1  1  1 -1 -1]
 [-1 -1 -1  1  1  1 -1  1 -1 -1 -1 -1 -1  1  1 -1]
 [-1 -1 -1 -1 -1 -1 -1 -1 -1  1 -1  1  1  1  1  1]
 [ 1  1 -1  1  1 -1 -1 -1  1  1  1  1  1  1  1  1]
 [ 1  1  1  1  1  1 -1  1  1  1 -1 -1  1  1  1  1]
 [ 1  1  1  1  1  1  1  1  1 -1 -1  1  1  1  1  1]
 [-1 -1  1  1  1  1  1 -1  1 -1 -1 -1  1 -1  1  1]
 [-1  1  1  1  1  1 -1 -1 -1 -1  1  1  1  1  1  1]
 [ 1  1 -1  1  1  1 -1 -1 -1 -1 -1 -1 -1  1  1  1]
 [-1 -1 -1  1  1 -1  1  1  1  1 -1 -1 -1 -1  1 -1]
 [ 1 -1 -1 -1 -1 -1 -1  1 -1 -1 -1 -1 -1 -1 -1 -1]
 [ 1 -1 -1 -1 -1 -1 -1 -1  1  1 -1 -1 -1 -1 -1 -1]
 [-1 -1  1  1 -1 -1 -1  1  1 -1 -1 -1 -1 -1 -1 -1]
 [-1  1  1  1  1 -1 -1 -1 -1 -1 -1 -1 -1 -1 -1  1]]",-0.75,-0.0234375
6,"[[ 1 -1 -1 -1 -1 -1  1  1  1 -1 -1 -1  1  1 -1 -1]
 [ 1 -1 -1 -1 -1 -1  1  1 -1 -1 -1 -1 -1 -1  1 -1]
 [-1 -1 -1 -1 -1 -1 -1  1 -1 -1 -1  1  1 -1 -1 -1]
 [-1 -1  1 -1 -1 -1  1  1  1  1  1  1  1  1  1  1]
 [ 1  1 -1 -1 -1 -1 -1  1 -1  1  1  1  1  1  1  1]
 [ 1  1 -1 -1 -1 -1 -1 -1  1  1  1  1 -1  1  1  1]
 [-1 -1 -1 -1 -1  1 -1 -1  1  1  1  1  1  1 -1 -1]
 [-1 -1  1  1  1  1  1 -1  1 -1 -1 -1  1 -1 -1 -1]
 [-1  1  1  1  1  1 -1 -1 -1 -1  1 -1 -1 -1 -1 -1]
 [-1 -1 -1  1 -1 -1 -1 -1 -1 -1 -1 -1  1 -1 -1 -1]
 [-1 -1 -1 -1 -1  1  1  1 -1 -1 -1 -1 -1 -1 -1 -1]
 [-1  1 -1 -1 -1 -1 -1  1  1 -1 -1 -1 -1 -1 -1 -1]
 [-1  1 -1 -1 -1 -1 -1  1  1 -1 -1  1  1  1 -1 -1]
 [-1 -1 -1  1  1  1  1  1  1 -1 -1  1  1 -1 -1 -1]
 [-1 -1 -1 -1  1 -1 -1 -1 -1 -1 -1  1  1 -1 -1 -1]
 [-1 -1 -1 -1  1 -1  1  1 -1 -1 -1 -1 -1 -1  1 -1]]",-0.78125,-0.28125
7,"[[ 1  1  1  1 -1 -1 -1 -1 -1 -1  1  1  1 -1 -1  1]
 [ 1  1  1  1  1 -1 -1 -1 -1 -1 -1 -1 -1 -1  1  1]
 [ 1 -1 -1  1  1 -1 -1 -1 -1  1 -1  1 -1 -1  1  1]
 [-1 -1  1  1 -1 -1  1  1 -1 -1  1  1 -1 -1 -1 -1]
 [-1 -1 -1 -1 -1 -1 -1 -1 -1 -1 -1  1 -1  1 -1 -1]
 [-1  1  1 -1 -1 -1 -1 -1 -1 -1 -1 -1 -1  1  1 -1]
 [-1 -1  1  1  1 -1  1  1 -1 -1 -1  1 -1  1  1  1]
 [-1 -1  1  1  1  1  1  1 -1 -1 -1  1  1  1 -1  1]
 [ 1 -1 -1  1  1  1  1  1 -1 -1  1  1  1  1  1  1]
 [ 1  1 -1  1  1  1  1  1  1  1  1  1  1  1 -1  1]
 [-1 -1  1  1  1 -1  1  1  1 -1  1 -1  1 -1 -1 -1]
 [ 1  1  1 -1 -1  1  1  1  1  1  1 -1 -1 -1  1  1]
 [ 1  1  1  1 -1 -1  1  1  1  1  1 -1 -1 -1 -1 -1]
 [ 1  1  1 -1 -1  1  1 -1  1  1  1 -1 -1 -1 -1 -1]
 [-1  1  1 -1 -1 -1 -1 -1 -1 -1  1 -1 -1 -1 -1  1]
 [ 1  1  1  1 -1 -1 -1 -1 -1 -1  1  1 -1 -1 -1  1]]",-0.734375,-0.015625
8,"[[ 1  1 -1 -1 -1  1 -1 -1 -1  1 -1  1  1  1 -1  1]
 [ 1  1 -1 -1 -1 -1 -1 -1 -1 -1  1 -1  1  1  1  1]
 [ 1  1 -1 -1 -1 -1 -1 -1 -1  1  1 -1 -1 -1  1  1]
 [-1 -1 -1  1 -1 -1 -1 -1 -1 -1 -1  1  1  1  1  1]
 [ 1  1 -1  1  1 -1 -1 -1 -1 -1 -1  1  1  1  1  1]
 [ 1  1  1  1  1  1 -1 -1 -1 -1 -1  1 -1  1  1 -1]
 [ 1  1  1 -1  1 -1 -1 -1 -1  1  1  1 -1 -1 -1  1]
 [ 1  1  1  1  1 -1 -1 -1 -1 -1 -1  1  1 -1 -1  1]
 [ 1  1  1  1  1 -1 -1 -1  1  1  1  1 -1  1 -1  1]
 [ 1 -1  1 -1 -1 -1  1  1  1  1  1  1 -1  1 -1  1]
 [ 1  1  1 -1  1  1 -1 -1 -1  1  1 -1 -1 -1 -1 -1]
 [ 1  1  1  1 -1  1  1  1 -1 -1 -1 -1 -1 -1  1  1]
 [ 1 -1  1 -1 -1 -1 -1  1  1 -1 -1 -1 -1  1  1  1]
 [ 1  1  1 -1 -1 -1 -1  1 -1 -1 -1 -1 -1  1  1  1]
 [-1  1  1 -1  1 -1 -1 -1 -1 -1  1 -1 -1 -1  1  1]
 [-1 -1 -1 -1 -1  1 -1 -1 -1 -1 -1  1 -1 -1  1  1]]",-0.640625,-0.046875
9,"[[-1 -1 -1 -1 -1 -1 -1 -1  1  1  1 -1 -1  1  1 -1]
 [-1 -1 -1 -1 -1  1  1 -1  1  1 -1 -1 -1  1 -1 -1]
 [ 1 -1 -1  1 -1  1  1  1  1  1  1 -1 -1 -1 -1 -1]
 [-1 -1 -1  1 -1  1  1  1  1  1  1 -1 -1 -1  1 -1]
 [-1 -1 -1  1  1  1  1 -1 -1  1  1  1  1 -1 -1 -1]
 [ 1 -1 -1  1  1  1  1  1  1  1  1 -1 -1 -1 -1 -1]
 [-1 -1  1  1  1  1  1  1 -1  1  1  1 -1 -1  1 -1]
 [-1  1  1  1  1 -1  1  1  1  1  1  1  1 -1 -1 -1]
 [ 1  1 -1  1  1  1  1  1  1  1  1  1  1  1  1 -1]
 [ 1  1  1  1  1  1 -1 -1  1  1  1  1 -1 -1 -1 -1]
 [-1 -1 -1  1 -1 -1  1 -1  1  1  1  1  1 -1 -1 -1]
 [-1 -1 -1  1  1  1  1 -1 -1  1  1  1 -1 -1 -1 -1]
 [-1  1  1  1  1 -1 -1 -1 -1  1  1  1 -1 -1 -1 -1]
 [-1 -1 -1 -1 -1  1 -1 -1 -1 -1  1  1  1 -1 -1 -1]
 [ 1 -1 -1 -1 -1 -1 -1  1 -1 -1  1  1 -1 -1  1 -1]
 [ 1 -1 -1  1 -1 -1  1 -1 -1  1  1  1  1 -1 -1 -1]]",-0.703125,-0.0234375
10,"[[-1 -1 -1 -1 -1  1  1  1 -1  1 -1  1  1  1 -1 -1]
 [-1 -1 -1 -1 -1 -1  1  1 -1  1  1  1 -1  1 -1 -1]
 [-1 -1  1  1 -1 -1  1  1  1  1  1  1  1 -1 -1 -1]
 [ 1 -1  1  1  1 -1  1  1  1 -1  1  1  1 -1 -1  1]
 [-1 -1 -1 -1 -1 -1  1  1 -1 -1 -1 -1 -1 -1 -1  1]
 [-1 -1 -1 -1 -1  1  1  1 -1 -1 -1 -1 -1 -1 -1 -1]
 [-1  1 -1 -1 -1  1  1  1  1 -1 -1 -1 -1 -1 -1  1]
 [-1  1 -1 -1 -1  1  1 -1  1  1  1 -1  1  1  1 -1]
 [-1  1 -1 -1 -1  1  1  1  1  1  1  1  1  1  1  1]
 [-1  1  1 -1  1  1  1  1  1 -1 -1  1  1  1  1  1]
 [ 1  1  1  1  1  1  1  1  1 -1  1  1  1  1  1  1]
 [ 1 -1 -1  1  1 -1 -1 -1  1  1  1  1 -1 -1 -1  1]
 [-1  1  1  1  1 -1 -1  1  1  1  1 -1 -1 -1 -1 -1]
 [-1 -1 -1 -1 -1 -1 -1  1  1 -1 -1 -1 -1 -1 -1 -1]
 [-1 -1  1 -1 -1 -1  1 -1  1 -1 -1 -1 -1  1 -1 -1]
 [-1 -1 -1 -1 -1 -1  1  1  1  1 -1 -1  1 -1 -1 -1]]",-0.78125,-0.0625
11,"[[ 1  1  1  1 -1  1 -1 -1 -1  1 -1 -1 -1 -1 -1 -1]
 [ 1  1  1  1  1  1  1 -1 -1  1 -1  1  1  1 -1 -1]
 [ 1  1  1  1 -1  1 -1 -1 -1 -1 -1  1  1 -1 -1 -1]
 [ 1  1  1  1  1  1  1  1  1 -1 -1 -1 -1  1  1 -1]
 [ 1  1 -1 -1  1  1  1  1 -1 -1  1 -1 -1  1 -1 -1]
 [-1 -1 -1 -1  1 -1  1  1 -1 -1 -1 -1 -1  1  1 -1]
 [-1 -1  1  1  1  1  1  1  1  1  1  1 -1  1 -1 -1]
 [-1 -1 -1 -1 -1  1  1  1  1  1 -1 -1 -1  1  1 -1]
 [-1  1 -1 -1 -1 -1 -1 -1 -1 -1 -1 -1 -1  1  1 -1]
 [ 1 -1 -1  1 -1  1  1  1 -1 -1 -1 -1 -1 -1 -1  1]
 [ 1  1 -1 -1 -1  1  1 -1 -1 -1 -1  1  1 -1 -1  1]
 [ 1  1 -1 -1 -1  1  1  1 -1 -1 -1  1 -1 -1  1  1]
 [-1  1  1  1 -1 -1  1  1  1  1  1  1 -1 -1 -1  1]
 [-1 -1 -1 -1 -1  1  1  1  1  1  1  1  1  1 -1  1]
 [ 1 -1 -1  1 -1  1  1 -1  1  1 -1 -1  1  1 -1 -1]
 [-1 -1 -1  1  1  1  1 -1 -1  1 -1 -1 -1 -1 -1 -1]]",-0.5625,-0.0390625
12,"[[-1 -1 -1  1  1  1 -1  1 -1 -1 -1 -1 -1 -1  1  1]
 [ 1 -1  1  1  1  1  1  1 -1 -1 -1 -1  1  1  1  1]
 [-1 -1  1  1  1  1  1  1 -1 -1 -1 -1  1  1 -1 -1]
 [-1 -1 -1  1 -1  1  1 -1 -1 -1  1 -1  1  1  1 -1]
 [-1 -1 -1  1  1  1  1 -1 -1 -1 -1 -1 -1  1 -1 -1]
 [-1 -1 -1 -1 -1  1  1 -1 -1 -1 -1 -1  1  1  1  1]
 [ 1  1  1  1  1 -1 -1 -1 -1 -1 -1 -1  1 -1 -1  1]
 [-1 -1 -1  1  1 -1 -1 -1  1 -1 -1 -1 -1 -1 -1 -1]
 [ 1 -1 -1  1 -1 -1 -1 -1  1  1 -1 -1 -1 -1  1 -1]
 [-1 -1  1  1  1 -1 -1 -1 -1 -1 -1 -1 -1 -1  1 -1]
 [ 1  1  1  1  1 -1 -1  1 -1 -1 -1 -1 -1 -1 -1 -1]
 [ 1  1 -1 -1 -1  1  1  1  1  1  1  1 -1  1 -1  1]
 [ 1  1 -1 -1 -1 -1  1  1  1  1  1  1  1  1  1  1]
 [ 1  1 -1  1 -1  1  1  1  1  1  1  1  1  1  1  1]
 [ 1  1  1 -1  1  1  1  1  1  1  1  1 -1 -1 -1  1]
 [-1 -1  1 -1  1  1 -1 -1 -1 -1 -1 -1 -1 -1 -1 -1]]",-0.75,-0.0625
13,"[[-1 -1 -1 -1 -1  1 -1 -1 -1 -1  1 -1  1  1  1 -1]
 [-1 -1 -1 -1 -1 -1 -1 -1  1  1  1 -1  1  1  1  1]
 [-1 -1 -1  1  1  1 -1 -1 -1  1  1  1  1  1  1  1]
 [-1 -1  1  1  1 -1 -1  1  1  1  1  1  1 -1  1  1]
 [ 1  1  1  1  1 -1  1  1  1 -1 -1  1  1  1  1  1]
 [ 1  1  1  1 -1 -1 -1 -1 -1  1  1  1  1  1  1  1]
 [ 1  1 -1  1  1  1 -1 -1 -1  1  1 -1 -1  1  1  1]
 [ 1  1 -1  1  1 -1 -1 -1  1  1  1 -1 -1  1  1  1]
 [ 1  1 -1  1  1 -1 -1 -1  1 -1  1  1  1  1  1  1]
 [-1  1  1  1  1 -1 -1 -1 -1  1  1  1  1  1  1 -1]
 [ 1 -1 -1  1  1  1 -1  1  1  1  1  1  1  1  1  1]
 [ 1  1  1  1 -1  1  1  1 -1  1 -1 -1  1  1  1  1]
 [ 1  1  1  1 -1  1  1 -1 -1 -1 -1 -1 -1 -1 -1  1]
 [ 1  1 -1  1 -1 -1  1  1  1 -1 -1 -1  1  1  1  1]
 [-1 -1  1  1  1  1  1 -1 -1  1 -1 -1 -1  1  1  1]
 [-1 -1  1  1 -1  1 -1 -1 -1  1  1 -1  1 -1  1  1]]",-0.671875,0.2265625
14,"[[ 1 -1  1  1  1  1  1  1  1  1 -1 -1  1  1  1  1]
 [ 1  1  1  1  1  1  1  1  1  1 -1 -1  1 -1 -1  1]
 [-1  1  1  1  1  1 -1  1 -1  1 -1 -1 -1  1  1 -1]
 [-1 -1  1 -1 -1  1  1  1  1 -1 -1 -1  1  1  1 -1]
 [ 1  1 -1 -1  1  1  1 -1 -1 -1  1 -1 -1  1  1  1]
 [-1 -1 -1 -1 -1 -1 -1 -1 -1 -1 -1 -1 -1  1 -1 -1]
 [-1 -1 -1 -1  1 -1 -1 -1 -1 -1 -1 -1 -1 -1  1 -1]
 [-1 -1 -1  1  1 -1 -1 -1 -1 -1 -1 -1 -1 -1 -1  1]
 [-1  1 -1 -1  1  1 -1 -1 -1 -1 -1 -1 -1 -1 -1  1]
 [-1 -1  1 -1 -1 -1  1 -1 -1 -1 -1 -1 -1 -1 -1 -1]
 [-1 -1 -1 -1 -1 -1  1 -1 -1  1  1 -1 -1 -1 -1 -1]
 [-1  1 -1 -1 -1 -1  1 -1 -1  1  1 -1 -1 -1 -1 -1]
 [ 1  1 -1 -1 -1 -1 -1 -1  1  1  1 -1 -1  1 -1  1]
 [ 1  1  1  1 -1 -1 -1 -1 -1 -1  1  1  1  1  1  1]
 [-1 -1  1  1 -1 -1  1  1 -1  1  1  1  1  1  1  1]
 [ 1  1  1  1  1  1  1  1 -1  1 -1  1 -1 -1  1  1]]",-0.75,-0.140625
15,"[[ 1  1  1  1  1 -1 -1 -1  1  1 -1  1  1 -1  1  1]
 [ 1  1  1  1  1 -1 -1 -1 -1 -1 -1  1  1 -1  1  1]
 [ 1  1  1 -1 -1  1  1 -1 -1 -1  1 -1  1  1  1  1]
 [ 1  1 -1 -1 -1  1  1  1 -1  1  1  1  1  1 -1 -1]
 [ 1  1 -1 -1 -1  1 -1 -1 -1  1  1  1  1  1 -1 -1]
 [ 1  1  1  1  1  1  1 -1 -1 -1 -1 -1  1  1 -1  1]
 [-1  1  1  1  1  1  1  1  1 -1 -1 -1 -1  1 -1 -1]
 [-1 -1 -1 -1  1  1  1  1  1 -1 -1 -1 -1 -1 -1 -1]
 [ 1 -1 -1 -1 -1  1  1  1 -1  1  1  1 -1 -1 -1 -1]
 [-1 -1  1 -1  1  1  1  1  1  1  1  1  1  1 -1 -1]
 [-1  1  1  1  1  1  1  1  1  1 -1  1 -1 -1 -1 -1]
 [ 1  1  1  1  1  1 -1  1  1  1 -1 -1 -1 -1 -1  1]
 [-1 -1  1  1  1  1 -1 -1 -1 -1 -1 -1 -1 -1 -1 -1]
 [ 1 -1 -1 -1  1  1  1  1  1  1 -1 -1 -1 -1 -1 -1]
 [-1 -1 -1 -1 -1 -1 -1  1  1  1 -1 -1 -1 -1 -1  1]
 [ 1  1 -1 -1 -1 -1 -1 -1 -1 -1 -1 -1  1  1  1  1]]",-0.78125,0.0234375
16,"[[ 1 -1 -1 -1  1  1  1  1  1  1 -1 -1 -1 -1  1 -1]
 [-1 -1 -1 -1 -1  1 -1  1  1 -1 -1 -1 -1 -1  1  1]
 [ 1 -1 -1 -1 -1 -1  1  1  1 -1  1  1 -1 -1 -1 -1]
 [ 1 -1  1  1  1 -1 -1 -1 -1 -1 -1  1  1 -1 -1  1]
 [ 1 -1  1  1  1 -1 -1  1 -1 -1 -1 -1 -1 -1 -1 -1]
 [ 1 -1  1  1  1  1  1  1  1  1 -1 -1 -1 -1 -1 -1]
 [-1 -1 -1  1 -1 -1  1  1  1 -1 -1 -1  1  1  1 -1]
 [ 1 -1 -1 -1 -1 -1  1 -1 -1 -1  1  1  1  1  1 -1]
 [ 1 -1 -1  1 -1 -1 -1 -1 -1 -1 -1 -1  1 -1  1 -1]
 [-1  1  1 -1 -1 -1 -1 -1 -1 -1 -1  1  1 -1 -1 -1]
 [ 1 -1  1  1 -1 -1 -1 -1  1 -1  1  1 -1 -1  1  1]
 [ 1  1 -1 -1  1  1 -1 -1 -1 -1  1  1  1 -1 -1 -1]
 [ 1  1 -1 -1 -1 -1 -1 -1 -1 -1 -1 -1  1  1 -1 -1]
 [-1 -1 -1  1 -1  1 -1 -1 -1 -1 -1 -1 -1  1 -1 -1]
 [-1 -1 -1  1 -1 -1 -1  1  1 -1 -1 -1 -1  1  1 -1]
 [-1 -1  1  1  1  1  1  1  1 -1 -1 -1 -1  1  1  1]]",-0.53125,-0.2265625
17,"[[-1  1  1  1  1  1 -1 -1 -1 -1 -1 -1 -1  1  1  1]
 [-1  1  1  1 -1 -1 -1 -1 -1 -1 -1 -1 -1  1  1 -1]
 [ 1 -1  1 -1  1 -1 -1 -1  1 -1 -1 -1  1  1  1 -1]
 [-1 -1  1 -1 -1  1 -1  1 -1  1 -1 -1 -1 -1 -1 -1]
 [-1 -1  1 -1 -1  1  1  1 -1 -1 -1  1 -1 -1 -1 -1]
 [ 1 -1  1  1  1 -1 -1  1  1  1  1  1  1 -1 -1 -1]
 [-1 -1  1 -1 -1 -1 -1 -1 -1  1  1  1  1  1 -1 -1]
 [-1  1 -1 -1 -1  1  1  1 -1 -1  1  1  1  1 -1 -1]
 [-1  1 -1 -1 -1 -1  1  1 -1  1  1 -1 -1 -1 -1 -1]
 [ 1 -1 -1 -1 -1 -1  1 -1 -1 -1  1 -1 -1 -1 -1 -1]
 [ 1  1  1 -1  1  1  1 -1 -1 -1 -1 -1  1  1 -1 -1]
 [ 1  1  1  1  1  1  1  1  1  1 -1 -1  1  1  1  1]
 [ 1  1  1  1  1  1  1  1  1 -1 -1 -1 -1 -1  1  1]
 [ 1  1  1 -1  1  1  1  1  1 -1 -1 -1 -1 -1  1  1]
 [-1  1  1 -1  1  1  1  1  1 -1 -1 -1 -1 -1 -1 -1]
 [-1  1  1  1  1  1 -1 -1 -1 -1 -1 -1 -1  1 -1 -1]]",-0.75,-0.0859375
18,"[[-1 -1 -1 -1 -1  1  1 -1 -1 -1  1 -1 -1 -1 -1 -1]
 [-1 -1 -1 -1 -1  1 -1 -1 -1  1 -1 -1 -1 -1 -1 -1]
 [-1 -1 -1 -1 -1  1 -1 -1  1  1  1 -1 -1 -1 -1 -1]
 [-1 -1 -1  1  1 -1 -1 -1  1  1 -1 -1 -1 -1  1  1]
 [-1 -1 -1 -1 -1  1  1 -1 -1 -1 -1 -1 -1  1  1  1]
 [-1  1  1 -1  1  1  1  1 -1  1  1  1  1  1  1 -1]
 [ 1  1 -1  1  1  1 -1 -1  1 -1 -1  1  1  1  1  1]
 [ 1  1  1  1  1  1 -1  1 -1 -1  1 -1  1  1  1  1]
 [ 1  1  1  1  1 -1 -1  1  1  1 -1 -1 -1  1  1  1]
 [ 1  1  1  1  1  1  1 -1  1  1 -1 -1 -1 -1  1 -1]
 [ 1  1  1  1  1  1  1  1  1  1 -1 -1 -1 -1 -1 -1]
 [ 1  1  1  1  1  1  1  1 -1 -1 -1 -1  1 -1 -1 -1]
 [-1  1  1  1  1 -1 -1  1 -1  1  1  1  1 -1 -1 -1]
 [-1 -1 -1 -1 -1  1  1  1  1  1  1  1  1  1 -1  1]
 [ 1 -1 -1 -1 -1  1  1  1  1  1  1 -1 -1 -1 -1  1]
 [-1 -1 -1 -1 -1 -1 -1 -1 -1  1  1 -1 -1 -1 -1 -1]]",-0.78125,-0.03125
19,"[[-1 -1  1 -1 -1 -1 -1 -1 -1 -1 -1  1 -1 -1  1 -1]
 [-1 -1 -1 -1 -1  1 -1  1 -1 -1 -1  1  1  1  1 -1]
 [ 1  1 -1 -1 -1 -1 -1 -1 -1 -1 -1  1  1 -1 -1 -1]
 [ 1  1  1 -1 -1 -1 -1 -1 -1 -1 -1  1  1  1 -1  1]
 [ 1  1  1 -1 -1 -1  1 -1 -1 -1 -1  1  1  1  1  1]
 [-1  1 -1 -1 -1  1  1 -1 -1  1  1  1 -1  1  1 -1]
 [ 1  1 -1 -1 -1  1  1 -1  1  1  1  1  1  1 -1 -1]
 [-1  1 -1 -1  1  1  1 -1 -1 -1 -1 -1  1 -1 -1 -1]
 [-1 -1 -1  1 -1  1  1  1  1  1 -1  1 -1 -1 -1  1]
 [-1 -1 -1 -1 -1 -1  1  1 -1  1 -1  1 -1 -1  1 -1]
 [-1 -1 -1 -1 -1 -1  1  1  1  1  1 -1 -1 -1  1 -1]
 [-1 -1 -1 -1 -1 -1  1  1 -1  1 -1 -1  1  1  1  1]
 [ 1 -1 -1 -1  1 -1  1  1  1  1 -1  1  1  1  1  1]
 [ 1  1  1 -1 -1 -1  1  1  1  1  1  1 -1 -1  1  1]
 [ 1 -1  1  1 -1  1  1  1  1  1  1  1 -1 -1 -1 -1]
 [-1 -1 -1 -1 -1  1  1 -1 -1  1  1  1 -1 -1  1 -1]]",-0.640625,-0.09375
20,"[[-1 -1  1 -1 -1 -1 -1 -1 -1 -1 -1 -1 -1  1  1  1]
 [-1  1  1 -1 -1 -1 -1 -1 -1 -1 -1 -1 -1  1  1 -1]
 [ 1  1  1  1  1 -1 -1 -1  1  1  1 -1  1  1 -1  1]
 [ 1  1  1  1  1  1 -1  1  1  1  1 -1 -1  1 -1  1]
 [ 1  1 -1 -1 -1  1  1 -1 -1 -1  1  1 -1  1  1  1]
 [ 1  1  1 -1 -1  1  1 -1 -1 -1  1  1  1  1  1 -1]
 [-1 -1  1 -1  1  1 -1 -1 -1 -1 -1  1 -1 -1  1  1]
 [ 1 -1  1  1  1  1 -1 -1 -1 -1 -1 -1 -1 -1 -1  1]
 [-1 -1  1  1 -1 -1 -1 -1  1 -1 -1 -1 -1 -1 -1 -1]
 [-1 -1  1  1 -1 -1 -1 -1  1 -1 -1 -1  1 -1  1  1]
 [ 1 -1 -1 -1  1  1  1 -1 -1  1 -1 -1  1 -1  1  1]
 [-1 -1 -1 -1 -1  1 -1 -1 -1 -1 -1 -1 -1 -1 -1  1]
 [-1 -1 -1 -1  1  1 -1 -1 -1 -1 -1 -1 -1 -1 -1 -1]
 [-1 -1 -1  1  1  1 -1 -1  1 -1 -1  1  1 -1 -1 -1]
 [ 1 -1 -1 -1  1 -1 -1 -1 -1 -1 -1  1  1  1  1  1]
 [ 1 -1 -1 -1 -1 -1 -1 -1 -1  1 -1  1 -1  1  1  1]]",-0.703125,-0.203125
21,"[[ 1 -1 -1 -1 -1 -1 -1  1  1  1  1  1 -1  1  1  1]
 [ 1  1 -1 -1 -1 -1 -1 -1 -1 -1 -1  1 -1  1  1  1]
 [-1 -1 -1 -1 -1  1  1 -1 -1 -1 -1 -1  1 -1  1  1]
 [-1 -1 -1 -1 -1  1 -1 -1 -1 -1 -1  1  1 -1 -1 -1]
 [-1 -1 -1 -1  1  1 -1 -1 -1 -1 -1 -1 -1 -1 -1 -1]
 [-1  1 -1 -1  1  1 -1 -1 -1  1  1  1  1 -1 -1 -1]
 [ 1  1 -1 -1 -1  1 -1  1  1  1 -1 -1 -1 -1 -1  1]
 [-1 -1 -1 -1 -1 -1 -1  1  1  1  1 -1 -1 -1 -1  1]
 [ 1  1 -1  1  1 -1  1  1  1  1  1  1  1 -1 -1  1]
 [ 1  1  1  1  1  1 -1  1  1  1  1  1  1  1  1  1]
 [ 1  1  1 -1  1  1  1 -1  1  1  1  1 -1 -1 -1  1]
 [ 1  1  1 -1  1  1 -1  1  1 -1 -1  1 -1 -1  1  1]
 [ 1  1  1  1  1  1 -1  1 -1 -1  1  1  1  1 -1  1]
 [ 1  1  1  1  1  1  1  1 -1 -1  1  1 -1  1  1  1]
 [-1  1  1  1 -1 -1 -1  1  1  1 -1  1  1  1 -1  1]
 [ 1 -1  1 -1 -1 -1 -1  1 -1 -1 -1  1  1  1 -1 -1]]",-0.640625,0.0390625
22,"[[ 1  1  1  1  1  1  1  1  1  1  1  1  1  1  1 -1]
 [ 1  1  1  1  1  1  1  1  1 -1  1  1  1  1  1 -1]
 [ 1  1  1  1 -1  1 -1  1  1 -1  1  1 -1  1  1  1]
 [ 1  1  1  1  1  1 -1  1  1  1  1 -1 -1  1  1  1]
 [ 1  1  1 -1  1 -1 -1 -1 -1  1 -1 -1  1  1  1  1]
 [ 1 -1 -1 -1 -1 -1 -1  1  1  1  1 -1  1  1  1  1]
 [ 1 -1 -1 -1  1  1  1  1  1 -1 -1 -1  1  1 -1  1]
 [ 1 -1  1  1 -1 -1 -1  1  1 -1 -1 -1 -1  1  1  1]
 [ 1  1  1 -1 -1  1  1  1 -1 -1 -1 -1 -1  1  1 -1]
 [-1  1 -1  1  1  1  1  1 -1 -1  1  1  1  1  1  1]
 [ 1  1 -1  1  1 -1  1  1  1  1  1  1  1  1  1  1]
 [ 1 -1  1  1  1 -1  1  1 -1  1  1  1  1  1  1  1]
 [ 1  1  1  1  1 -1  1 -1 -1 -1  1  1  1  1  1  1]
 [ 1  1  1  1  1 -1  1  1  1  1  1  1  1 -1 -1  1]
 [ 1  1  1  1  1  1  1  1  1  1  1  1  1  1  1  1]
 [ 1  1  1  1  1  1  1  1 -1 -1 -1  1  1 -1 -1  1]]",-0.828125,0.46875
23,"[[-1 -1 -1  1 -1 -1  1  1  1 -1 -1  1  1  1 -1 -1]
 [-1 -1  1  1  1  1  1 -1 -1 -1  1 -1 -1  1  1 -1]
 [-1 -1  1  1  1  1  1  1  1  1  1 -1 -1  1  1  1]
 [-1 -1  1 -1  1 -1  1  1  1  1  1 -1 -1  1  1 -1]
 [-1 -1  1  1  1 -1  1  1  1  1  1 -1 -1  1  1 -1]
 [-1 -1  1  1 -1 -1 -1  1 -1 -1 -1 -1 -1  1  1 -1]
 [-1 -1  1 -1 -1 -1 -1 -1 -1 -1 -1 -1 -1  1  1 -1]
 [ 1 -1 -1 -1 -1 -1 -1 -1 -1 -1 -1 -1 -1 -1 -1 -1]
 [-1  1  1  1 -1 -1 -1 -1 -1 -1 -1 -1  1  1  1  1]
 [ 1  1 -1 -1 -1  1  1  1 -1  1  1  1  1  1  1  1]
 [-1  1 -1 -1 -1  1  1  1  1  1  1 -1 -1  1  1  1]
 [-1 -1 -1 -1  1  1  1  1  1  1 -1 -1 -1  1  1  1]
 [-1 -1 -1 -1  1  1  1  1  1  1 -1 -1 -1 -1  1 -1]
 [-1 -1  1 -1  1  1  1  1 -1 -1 -1 -1 -1 -1  1 -1]
 [-1 -1 -1 -1 -1  1  1 -1 -1 -1 -1  1  1  1 -1 -1]
 [-1 -1  1  1 -1 -1  1 -1 -1 -1 -1  1  1  1 -1 -1]]",-0.828125,-0.0859375
24,"[[-1  1  1 -1 -1  1  1  1  1  1 -1  1 -1  1 -1  1]
 [-1 -1 -1  1  1  1  1  1  1  1 -1 -1 -1  1 -1 -1]
 [-1 -1  1  1  1  1  1 -1  1  1 -1 -1 -1  1  1 -1]
 [-1 -1  1  1  1  1 -1 -1  1  1  1 -1  1  1  1 -1]
 [-1 -1 -1 -1 -1 -1 -1 -1  1  1  1  1  1  1  1  1]
 [-1 -1 -1  1 -1 -1 -1 -1 -1  1  1  1  1  1  1 -1]
 [ 1  1  1 -1 -1 -1 -1  1  1  1  1  1  1  1 -1  1]
 [ 1  1 -1  1 -1 -1 -1 -1 -1  1  1 -1 -1 -1 -1 -1]
 [ 1  1  1 -1 -1 -1 -1 -1 -1  1  1  1 -1 -1  1  1]
 [ 1 -1  1  1 -1 -1 -1 -1  1 -1 -1  1 -1  1  1  1]
 [-1 -1 -1  1  1 -1 -1 -1 -1 -1 -1 -1  1 -1 -1  1]
 [-1  1 -1  1  1  1  1 -1 -1 -1 -1 -1  1  1 -1  1]
 [ 1  1  1  1  1  1  1  1  1  1 -1 -1 -1 -1  1  1]
 [ 1  1 -1 -1 -1 -1 -1  1  1 -1 -1 -1  1 -1  1  1]
 [ 1  1 -1 -1 -1 -1 -1  1  1  1  1 -1 -1 -1 -1  1]
 [-1 -1 -1 -1 -1  1  1  1  1  1  1  1 -1 -1  1 -1]]",-0.625,0.015625
25,"[[ 1 -1 -1 -1 -1 -1 -1 -1  1 -1 -1  1  1  1  1 -1]
 [ 1  1  1 -1 -1 -1 -1 -1  1 -1  1  1  1  1  1  1]
 [-1  1  1 -1 -1  1 -1 -1 -1 -1  1  1  1 -1  1  1]
 [ 1  1  1  1  1  1 -1 -1 -1 -1 -1  1  1  1  1  1]
 [ 1  1  1 -1  1  1 -1 -1 -1  1 -1 -1 -1 -1  1  1]
 [-1 -1  1 -1  1  1 -1 -1 -1  1  1  1  1 -1 -1 -1]
 [-1 -1  1  1  1 -1 -1 -1 -1  1 -1  1 -1 -1 -1 -1]
 [-1 -1  1  1  1  1 -1 -1 -1 -1 -1 -1 -1  1  1 -1]
 [-1 -1 -1  1  1  1 -1 -1 -1 -1 -1  1 -1 -1  1  1]
 [-1  1 -1 -1  1  1 -1 -1 -1 -1  1 -1 -1 -1  1 -1]
 [ 1  1  1  1  1  1 -1 -1 -1 -1  1 -1 -1 -1 -1  1]
 [ 1  1  1  1  1  1  1 -1 -1 -1 -1 -1 -1 -1 -1 -1]
 [-1  1 -1  1 -1  1  1 -1 -1 -1 -1  1  1  1 -1 -1]
 [ 1  1  1 -1 -1  1  1 -1 -1  1 -1 -1 -1 -1 -1  1]
 [ 1  1 -1 -1 -1  1  1  1  1  1 -1 -1 -1  1 -1 -1]
 [-1 -1 -1 -1 -1  1  1  1  1  1 -1 -1 -1 -1  1 -1]]",-0.6875,-0.1015625
26,"[[ 1  1  1 -1 -1  1  1 -1 -1 -1  1 -1 -1 -1 -1 -1]
 [-1  1 -1  1  1  1  1 -1 -1  1  1 -1 -1 -1 -1 -1]
 [-1 -1 -1 -1 -1 -1 -1 -1 -1 -1 -1 -1 -1 -1 -1 -1]
 [-1 -1  1 -1 -1 -1 -1 -1  1 -1 -1 -1 -1 -1  1  1]
 [ 1 -1 -1 -1 -1 -1 -1 -1 -1 -1 -1 -1 -1 -1  1  1]
 [-1 -1 -1 -1 -1 -1  1  1 -1 -1 -1 -1  1  1  1 -1]
 [-1 -1 -1 -1 -1 -1  1  1  1 -1 -1 -1 -1  1 -1 -1]
 [-1 -1 -1 -1 -1 -1 -1  1  1 -1  1  1  1  1  1 -1]
 [-1 -1  1  1  1 -1 -1 -1  1  1  1  1  1 -1 -1 -1]
 [-1  1 -1  1  1  1 -1 -1  1  1  1  1  1  1  1  1]
 [-1 -1 -1 -1  1  1  1  1  1  1 -1  1 -1 -1 -1  1]
 [-1 -1 -1  1  1  1  1  1  1 -1 -1  1 -1 -1 -1  1]
 [-1 -1  1  1  1  1  1  1 -1 -1  1  1 -1  1 -1  1]
 [-1  1  1  1  1  1  1 -1 -1  1  1 -1 -1  1  1 -1]
 [-1  1  1  1  1  1 -1  1  1  1  1 -1 -1  1  1 -1]
 [ 1  1  1  1 -1  1 -1 -1  1  1  1 -1 -1 -1 -1  1]]",-0.75,-0.125
27,"[[-1 -1 -1 -1  1  1  1  1  1  1  1  1 -1 -1 -1 -1]
 [-1 -1 -1  1  1  1  1  1  1  1  1  1 -1 -1 -1 -1]
 [-1 -1 -1  1  1  1  1  1  1  1 -1 -1 -1  1  1  1]
 [-1 -1 -1 -1 -1 -1  1  1  1  1  1  1 -1 -1 -1 -1]
 [-1 -1 -1 -1 -1  1  1 -1 -1 -1 -1 -1 -1 -1 -1 -1]
 [-1  1  1  1 -1 -1 -1 -1 -1 -1 -1 -1 -1  1 -1 -1]
 [ 1  1  1  1  1 -1 -1 -1 -1 -1  1 -1  1  1 -1  1]
 [ 1  1  1  1  1 -1  1 -1 -1 -1  1  1  1  1  1  1]
 [-1  1  1 -1 -1 -1 -1 -1 -1  1  1 -1  1 -1  1  1]
 [-1  1 -1  1 -1  1 -1 -1 -1 -1 -1 -1  1 -1  1  1]
 [-1  1  1 -1  1  1 -1 -1  1  1  1  1  1  1  1 -1]
 [-1  1  1 -1 -1 -1 -1 -1  1  1  1 -1 -1  1 -1 -1]
 [ 1  1  1 -1  1  1  1 -1  1  1 -1 -1 -1 -1  1 -1]
 [ 1 -1 -1 -1 -1  1  1  1  1  1 -1 -1 -1 -1 -1 -1]
 [-1 -1 -1 -1 -1  1  1  1  1 -1 -1 -1 -1 -1 -1 -1]
 [-1 -1  1 -1 -1  1  1  1  1  1  1 -1 -1 -1 -1 -1]]",-0.796875,-0.09375
28,"[[-1  1 -1 -1  1 -1  1  1  1  1  1 -1 -1  1 -1 -1]
 [ 1  1  1  1  1  1  1  1  1  1  1 -1  1 -1  1 -1]
 [ 1 -1 -1 -1 -1  1 -1 -1 -1 -1 -1 -1  1 -1  1  1]
 [ 1  1 -1 -1 -1  1  1  1 -1 -1 -1 -1  1 -1  1  1]
 [ 1 -1 -1 -1 -1  1  1  1  1 -1 -1 -1  1  1 -1 -1]
 [ 1 -1 -1 -1 -1 -1  1 -1  1  1 -1  1  1  1  1 -1]
 [-1 -1 -1 -1  1  1  1 -1 -1  1  1  1  1  1  1 -1]
 [-1 -1 -1 -1  1  1 -1  1  1  1  1 -1  1  1 -1 -1]
 [ 1  1 -1  1  1  1 -1 -1  1  1  1  1  1  1 -1  1]
 [ 1  1  1  1  1  1 -1 -1 -1 -1 -1 -1  1  1 -1  1]
 [ 1  1  1  1  1  1  1 -1 -1 -1 -1  1  1  1  1  1]
 [-1 -1 -1 -1 -1  1  1  1  1  1 -1  1  1  1  1  1]
 [-1 -1 -1 -1 -1 -1  1 -1  1  1 -1 -1  1  1 -1 -1]
 [-1 -1 -1  1 -1 -1  1 -1 -1 -1 -1 -1 -1  1 -1 -1]
 [-1 -1  1  1 -1 -1 -1 -1  1  1  1 -1 -1 -1  1 -1]
 [-1 -1  1 -1 -1 -1 -1 -1  1  1  1  1 -1  1  1 -1]]",-0.609375,0.015625
29,"[[-1 -1 -1 -1  1  1 -1 -1  1  1 -1 -1 -1 -1 -1 -1]
 [ 1 -1 -1  1 -1 -1 -1  1  1  1 -1  1  1 -1 -1  1]
 [-1 -1  1  1  1  1  1  1  1  1  1  1  1  1  1 -1]
 [-1 -1 -1 -1 -1 -1 -1  1 -1 -1 -1 -1 -1  1  1 -1]
 [ 1  1 -1 -1 -1 -1 -1 -1 -1  1 -1 -1 -1  1  1 -1]
 [ 1 -1 -1 -1 -1 -1 -1 -1 -1 -1 -1 -1 -1 -1 -1  1]
 [-1 -1 -1 -1  1 -1 -1 -1 -1  1 -1 -1 -1 -1 -1  1]
 [-1 -1 -1  1  1 -1 -1 -1  1  1 -1 -1 -1 -1 -1 -1]
 [-1  1  1 -1  1  1 -1  1  1 -1 -1 -1 -1 -1 -1 -1]
 [ 1  1  1  1 -1 -1  1  1  1 -1 -1 -1 -1  1  1  1]
 [ 1  1 -1 -1 -1 -1 -1  1  1 -1 -1 -1 -1  1  1  1]
 [ 1  1 -1 -1 -1 -1 -1 -1  1  1 -1  1  1  1  1 -1]
 [ 1  1 -1 -1 -1  1 -1 -1  1  1  1 -1 -1 -1 -1 -1]
 [ 1 -1 -1  1 -1  1 -1  1  1  1 -1 -1 -1 -1 -1 -1]
 [ 1 -1  1  1 -1 -1 -1  1  1 -1 -1 -1 -1 -1 -1 -1]
 [-1  1 -1 -1  1 -1 -1 -1 -1 -1  1 -1 -1 -1 -1 -1]]",-0.65625,-0.2734375
30,"[[ 1  1  1  1  1  1  1 -1 -1 -1  1 -1 -1  1  1  1]
 [ 1 -1  1 -1  1  1  1 -1 -1 -1  1 -1 -1 -1  1  1]
 [-1 -1  1 -1  1  1  1 -1 -1  1 -1 -1 -1 -1 -1 -1]
 [-1 -1 -1 -1 -1  1 -1 -1 -1 -1 -1 -1 -1 -1 -1 -1]
 [-1 -1 -1 -1 -1  1  1 -1 -1 -1 -1 -1 -1 -1 -1 -1]
 [-1 -1 -1 -1 -1 -1 -1 -1 -1 -1 -1  1 -1 -1 -1 -1]
 [-1 -1  1  1 -1  1  1 -1 -1 -1 -1 -1 -1  1  1 -1]
 [ 1  1  1  1  1 -1  1 -1 -1 -1 -1 -1  1  1  1  1]
 [ 1 -1  1  1  1 -1 -1 -1 -1 -1  1  1  1  1  1  1]
 [ 1  1  1  1 -1  1 -1 -1 -1 -1  1  1  1  1  1  1]
 [ 1  1  1  1 -1  1  1 -1 -1 -1 -1 -1  1  1  1  1]
 [ 1  1  1  1  1  1  1 -1  1 -1 -1 -1 -1  1  1  1]
 [-1  1  1 -1 -1 -1 -1  1  1  1  1  1  1  1  1  1]
 [ 1 -1 -1  1 -1 -1 -1  1  1  1 -1 -1 -1  1 -1  1]
 [ 1  1 -1  1 -1 -1 -1  1  1 -1 -1 -1 -1 -1 -1  1]
 [ 1  1  1  1  1  1 -1 -1 -1 -1  1 -1 -1  1  1  1]]",-0.875,-0.0625
31,"[[-1  1  1  1  1  1  1 -1  1  1 -1  1  1 -1  1  1]
 [-1  1 -1  1  1  1  1  1  1  1  1  1  1  1  1  1]
 [ 1  1 -1 -1  1 -1  1  1  1  1  1  1  1  1  1  1]
 [-1 -1  1  1  1  1  1  1  1  1  1 -1  1  1  1  1]
 [-1 -1 -1  1  1  1  1  1  1 -1  1 -1 -1 -1 -1 -1]
 [-1 -1  1  1  1  1  1 -1  1  1 -1 -1  1  1 -1 -1]
 [-1 -1  1 -1  1  1  1 -1  1  1 -1 -1 -1  1  1 -1]
 [-1 -1  1 -1 -1  1  1 -1 -1 -1 -1 -1 -1 -1  1 -1]
 [ 1  1  1  1 -1  1  1 -1  1  1 -1 -1 -1  1 -1 -1]
 [-1 -1 -1  1 -1  1  1  1 -1 -1 -1 -1 -1 -1 -1 -1]
 [ 1  1  1 -1 -1 -1 -1  1  1  1 -1 -1  1  1  1  1]
 [ 1  1  1  1  1  1  1  1  1  1  1 -1  1  1  1  1]
 [ 1  1 -1 -1  1  1 -1  1  1  1  1  1  1  1  1  1]
 [ 1  1  1 -1  1 -1 -1 -1 -1  1  1  1  1  1 -1  1]
 [-1  1  1  1  1 -1 -1 -1 -1  1  1 -1 -1 -1 -1 -1]
 [ 1  1  1  1  1  1 -1 -1 -1  1  1  1  1 -1  1  1]]",-0.6875,0.2421875
32,"[[ 1  1 -1  1  1  1  1 -1 -1 -1 -1 -1  1  1 -1  1]
 [ 1  1 -1  1  1  1  1  1  1  1  1 -1 -1 -1 -1  1]
 [ 1  1 -1  1 -1 -1  1  1  1  1  1 -1 -1 -1  1  1]
 [-1  1  1  1 -1 -1  1 -1  1  1 -1 -1  1 -1 -1 -1]
 [-1 -1 -1 -1  1 -1 -1 -1 -1  1 -1 -1 -1 -1 -1 -1]
 [-1 -1 -1  1  1 -1 -1 -1  1 -1  1 -1 -1 -1 -1 -1]
 [-1 -1  1 -1  1  1  1  1  1  1  1 -1 -1 -1 -1 -1]
 [-1  1  1  1  1  1  1  1  1  1  1  1  1  1  1  1]
 [-1  1  1  1  1  1 -1 -1 -1 -1 -1 -1 -1  1  1  1]
 [ 1  1  1  1  1  1 -1  1 -1  1  1  1  1  1  1  1]
 [ 1  1  1  1  1  1 -1 -1 -1  1  1  1  1  1  1  1]
 [ 1 -1 -1  1  1  1 -1 -1 -1 -1 -1 -1  1  1  1  1]
 [ 1  1 -1 -1  1  1  1 -1 -1  1 -1 -1  1  1  1  1]
 [ 1 -1  1  1  1  1  1  1 -1  1  1 -1 -1  1  1  1]
 [ 1 -1 -1  1  1 -1 -1 -1 -1 -1  1  1  1  1  1  1]
 [ 1  1  1  1 -1 -1  1 -1 -1 -1 -1  1  1  1  1  1]]",-0.75,0.171875
33,"[[-1 -1 -1  1  1 -1  1  1  1  1  1 -1  1  1  1  1]
 [-1 -1  1  1  1 -1 -1 -1 -1 -1 -1 -1  1  1 -1  1]
 [-1  1 -1 -1  1  1  1 -1 -1 -1  1 -1 -1 -1 -1 -1]
 [-1  1  1 -1  1  1  1 -1 -1 -1 -1 -1 -1 -1 -1 -1]
 [-1  1  1  1 -1  1  1 -1 -1 -1 -1 -1 -1 -1 -1 -1]
 [-1  1  1  1  1  1  1 -1 -1 -1 -1 -1 -1 -1 -1 -1]
 [-1 -1 -1  1  1  1  1 -1 -1  1  1  1  1 -1 -1 -1]
 [-1  1  1 -1 -1  1  1 -1 -1 -1  1  1  1  1 -1 -1]
 [-1  1  1  1 -1  1 -1 -1 -1 -1 -1  1  1  1 -1 -1]
 [-1 -1  1  1 -1  1 -1  1 -1 -1 -1 -1 -1 -1 -1 -1]
 [-1  1  1  1 -1 -1 -1 -1 -1 -1 -1 -1 -1 -1 -1 -1]
 [-1 -1 -1  1  1 -1 -1 -1 -1 -1 -1 -1 -1 -1 -1 -1]
 [-1 -1 -1 -1 -1 -1 -1 -1 -1  1  1 -1 -1 -1 -1 -1]
 [-1 -1  1 -1 -1 -1 -1 -1 -1  1  1 -1 -1 -1  1  1]
 [-1 -1 -1 -1 -1  1 -1  1 -1  1 -1 -1  1  1  1  1]
 [-1 -1 -1 -1  1 -1 -1  1  1  1  1  1  1  1  1  1]]",-0.890625,-0.265625
34,"[[ 1 -1  1 -1  1 -1 -1  1 -1 -1 -1  1  1 -1 -1 -1]
 [-1 -1 -1 -1  1 -1 -1 -1  1 -1 -1 -1  1 -1 -1 -1]
 [ 1  1  1  1 -1 -1 -1  1  1 -1 -1 -1  1  1  1  1]
 [ 1  1  1  1 -1  1  1  1  1 -1 -1  1  1 -1 -1 -1]
 [-1 -1 -1  1 -1  1  1  1 -1 -1 -1  1 -1 -1 -1 -1]
 [-1 -1 -1  1  1 -1  1 -1 -1 -1 -1 -1  1 -1 -1 -1]
 [-1 -1  1  1  1 -1 -1 -1 -1 -1 -1  1 -1 -1 -1 -1]
 [-1 -1  1  1 -1 -1 -1  1 -1 -1 -1  1 -1  1  1 -1]
 [ 1 -1 -1  1  1  1  1  1  1  1  1  1  1  1  1  1]
 [-1  1  1  1  1  1 -1 -1 -1 -1  1  1  1 -1  1  1]
 [-1  1  1  1  1 -1 -1 -1 -1 -1 -1 -1 -1 -1 -1 -1]
 [ 1  1  1  1  1  1 -1 -1 -1 -1 -1 -1 -1 -1 -1 -1]
 [ 1 -1  1  1  1  1  1  1  1  1  1  1  1 -1  1 -1]
 [-1 -1 -1  1  1  1  1  1  1  1 -1  1 -1 -1  1 -1]
 [ 1  1 -1  1  1  1  1  1  1  1 -1 -1  1 -1  1  1]
 [-1  1  1  1 -1 -1 -1  1 -1  1 -1 -1  1 -1 -1 -1]]",-0.5625,-0.046875
35,"[[-1  1  1  1  1  1  1 -1 -1  1 -1  1  1  1 -1 -1]
 [-1 -1  1  1  1  1  1 -1 -1  1 -1  1 -1 -1 -1 -1]
 [-1  1 -1 -1 -1  1  1  1 -1  1 -1  1 -1 -1 -1 -1]
 [ 1  1  1  1  1  1  1  1  1  1  1 -1 -1 -1 -1  1]
 [-1 -1  1  1  1 -1 -1 -1  1  1 -1  1 -1 -1 -1 -1]
 [-1 -1 -1  1 -1 -1 -1 -1  1  1 -1  1 -1 -1 -1 -1]
 [-1 -1 -1  1  1 -1 -1  1  1 -1 -1  1 -1 -1 -1 -1]
 [ 1  1  1 -1 -1 -1 -1 -1 -1 -1 -1  1  1  1  1  1]
 [-1  1 -1  1 -1 -1 -1  1 -1 -1  1  1  1  1  1  1]
 [ 1 -1  1  1  1 -1 -1 -1 -1  1  1  1  1  1  1 -1]
 [ 1  1  1  1 -1 -1 -1 -1 -1 -1  1  1 -1  1 -1  1]
 [ 1  1  1  1 -1 -1 -1 -1 -1  1  1 -1 -1  1 -1  1]
 [ 1  1  1  1  1  1 -1 -1 -1  1  1 -1  1  1 -1 -1]
 [ 1  1  1 -1  1  1 -1 -1  1  1  1  1  1  1 -1 -1]
 [-1  1 -1 -1  1  1 -1 -1  1  1  1  1  1 -1 -1  1]
 [-1 -1  1  1  1  1  1  1  1  1  1  1  1  1 -1  1]]",-0.640625,0.0625
36,"[[ 1  1  1  1  1 -1 -1 -1 -1 -1 -1 -1 -1  1  1  1]
 [-1  1  1  1  1 -1 -1 -1  1 -1  1 -1 -1  1  1  1]
 [-1  1  1  1  1 -1 -1 -1  1  1 -1  1  1  1  1 -1]
 [-1 -1 -1 -1 -1  1  1  1  1 -1 -1  1  1  1  1 -1]
 [-1 -1 -1 -1 -1 -1  1  1  1 -1 -1 -1 -1 -1 -1 -1]
 [-1 -1 -1 -1 -1 -1  1  1  1 -1 -1  1 -1 -1 -1 -1]
 [-1 -1 -1 -1 -1 -1 -1 -1 -1 -1  1  1 -1 -1  1  1]
 [-1 -1 -1 -1 -1 -1 -1 -1 -1 -1  1  1 -1 -1  1 -1]
 [-1 -1 -1 -1  1  1 -1 -1  1  1  1  1 -1 -1  1 -1]
 [-1 -1  1  1  1  1  1  1  1  1  1  1 -1  1  1 -1]
 [-1  1  1  1  1  1  1  1  1  1  1  1 -1 -1 -1 -1]
 [-1  1  1  1  1  1  1  1  1  1  1  1  1 -1 -1 -1]
 [-1 -1 -1 -1  1 -1  1  1  1  1  1  1  1 -1 -1 -1]
 [-1 -1 -1 -1 -1 -1 -1  1 -1 -1 -1 -1 -1  1 -1 -1]
 [ 1  1 -1 -1 -1 -1 -1 -1 -1 -1  1 -1 -1 -1  1  1]
 [ 1  1  1  1  1  1 -1 -1 -1 -1 -1 -1 -1 -1  1  1]]",-0.984375,-0.109375
37,"[[ 1 -1 -1  1 -1 -1 -1  1 -1  1 -1 -1  1  1 -1  1]
 [-1 -1 -1 -1 -1 -1 -1  1 -1 -1 -1  1  1  1 -1 -1]
 [ 1 -1 -1 -1  1 -1 -1  1 -1 -1 -1  1  1 -1 -1  1]
 [ 1 -1 -1  1 -1  1  1  1 -1 -1 -1  1  1  1  1  1]
 [-1 -1 -1 -1 -1  1  1  1 -1 -1  1  1 -1 -1 -1 -1]
 [ 1 -1 -1 -1 -1  1  1  1 -1 -1  1 -1 -1 -1  1  1]
 [ 1 -1 -1 -1 -1  1  1  1  1 -1  1 -1 -1 -1  1  1]
 [-1 -1  1  1 -1 -1 -1  1  1  1  1  1 -1  1  1  1]
 [ 1 -1 -1  1 -1  1  1  1  1 -1 -1 -1 -1 -1  1 -1]
 [ 1  1 -1  1 -1  1  1  1 -1 -1 -1 -1 -1  1  1  1]
 [ 1  1  1  1  1  1  1 -1 -1 -1 -1 -1 -1  1  1  1]
 [ 1  1  1  1 -1  1 -1 -1 -1 -1 -1 -1 -1  1  1 -1]
 [-1 -1 -1  1  1  1  1 -1 -1 -1 -1 -1  1 -1  1  1]
 [ 1 -1 -1  1  1  1  1 -1 -1 -1 -1  1  1 -1  1  1]
 [-1 -1 -1  1  1  1 -1  1 -1 -1 -1 -1 -1 -1 -1  1]
 [ 1 -1 -1  1  1 -1 -1  1 -1 -1 -1 -1 -1 -1 -1  1]]",-0.65625,-0.09375
38,"[[-1 -1 -1 -1 -1 -1 -1  1  1 -1 -1 -1  1  1 -1  1]
 [-1 -1  1  1 -1 -1 -1 -1  1 -1 -1 -1 -1 -1 -1  1]
 [-1 -1  1  1  1 -1  1 -1 -1 -1  1  1  1 -1 -1 -1]
 [-1 -1  1  1  1 -1 -1 -1 -1 -1 -1  1 -1  1 -1 -1]
 [-1 -1  1  1  1  1  1 -1 -1 -1 -1  1 -1 -1  1  1]
 [-1  1  1  1  1  1 -1 -1 -1 -1 -1  1 -1  1  1 -1]
 [-1  1  1  1  1 -1  1  1  1 -1 -1  1 -1  1  1 -1]
 [ 1  1  1 -1  1 -1 -1 -1 -1 -1 -1 -1  1  1  1  1]
 [ 1  1 -1 -1 -1 -1 -1 -1 -1 -1 -1  1 -1 -1 -1 -1]
 [ 1  1 -1 -1 -1 -1  1  1 -1  1 -1 -1 -1 -1  1  1]
 [ 1 -1  1  1 -1 -1  1 -1 -1 -1  1 -1 -1 -1 -1  1]
 [ 1 -1  1  1  1  1  1 -1 -1  1  1  1  1  1  1  1]
 [-1 -1 -1 -1 -1 -1 -1 -1 -1  1  1  1  1  1 -1 -1]
 [ 1 -1 -1 -1 -1 -1 -1 -1 -1  1  1  1  1  1  1  1]
 [ 1 -1 -1 -1 -1 -1 -1 -1 -1 -1  1  1  1  1 -1  1]
 [ 1  1  1 -1 -1 -1 -1  1 -1 -1 -1  1  1  1  1  1]]",-0.671875,-0.125
39,"[[-1  1 -1 -1 -1 -1 -1 -1  1 -1 -1  1  1  1  1 -1]
 [ 1 -1 -1 -1 -1 -1 -1 -1 -1  1  1  1  1  1  1  1]
 [-1 -1 -1 -1 -1 -1 -1 -1  1  1 -1  1  1  1  1 -1]
 [-1 -1 -1 -1 -1 -1 -1 -1  1  1 -1 -1 -1  1  1 -1]
 [-1  1  1 -1 -1 -1 -1  1  1  1 -1 -1  1  1  1  1]
 [-1  1  1  1  1 -1  1  1  1  1  1  1  1  1  1  1]
 [-1  1  1 -1 -1 -1  1  1 -1 -1  1  1  1  1  1  1]
 [ 1  1 -1  1 -1 -1  1 -1 -1 -1  1  1  1 -1 -1  1]
 [-1  1  1  1  1  1 -1 -1 -1 -1 -1  1 -1 -1 -1 -1]
 [ 1 -1  1  1  1 -1 -1 -1 -1 -1 -1 -1 -1 -1  1 -1]
 [-1 -1 -1 -1 -1  1 -1  1  1 -1 -1 -1 -1 -1  1 -1]
 [-1 -1 -1 -1 -1  1  1  1  1  1  1 -1  1  1  1  1]
 [-1 -1  1 -1  1 -1 -1  1 -1 -1  1 -1 -1  1  1  1]
 [ 1 -1 -1 -1  1 -1 -1 -1 -1 -1 -1 -1 -1 -1 -1  1]
 [ 1 -1 -1 -1 -1 -1 -1 -1 -1 -1 -1 -1 -1  1  1  1]
 [-1 -1  1 -1 -1 -1 -1 -1 -1 -1 -1 -1 -1  1  1  1]]",-0.734375,-0.15625
40,"[[-1 -1 -1 -1  1  1  1  1 -1  1  1  1  1  1 -1 -1]
 [-1  1 -1 -1  1 -1  1  1  1  1  1  1  1  1 -1 -1]
 [-1  1 -1 -1 -1 -1 -1  1  1 -1  1  1  1 -1  1  1]
 [-1  1 -1  1  1  1  1 -1  1  1  1  1 -1 -1 -1  1]
 [ 1 -1 -1  1  1  1  1  1  1  1  1  1  1 -1 -1 -1]
 [ 1  1  1  1  1 -1 -1 -1  1  1  1  1 -1 -1 -1  1]
 [ 1  1  1  1  1 -1 -1 -1 -1  1  1  1 -1 -1 -1 -1]
 [ 1  1  1  1  1 -1 -1  1 -1 -1 -1  1 -1  1  1 -1]
 [ 1  1 -1 -1 -1  1 -1  1 -1 -1  1  1  1  1  1 -1]
 [ 1  1 -1 -1 -1 -1 -1  1 -1 -1 -1  1 -1  1  1 -1]
 [ 1 -1 -1 -1 -1 -1 -1 -1  1  1 -1  1  1  1  1 -1]
 [-1  1 -1  1  1 -1 -1  1  1  1  1  1  1  1  1  1]
 [ 1  1 -1  1 -1 -1 -1  1  1  1  1  1 -1  1 -1  1]
 [ 1  1  1 -1  1 -1 -1  1  1  1  1  1 -1 -1 -1  1]
 [ 1  1  1  1  1  1 -1  1  1 -1  1  1 -1 -1  1  1]
 [ 1  1  1 -1  1  1  1  1 -1  1  1  1  1  1 -1  1]]",-0.59375,0.203125
41,"[[ 1 -1  1 -1  1  1  1  1 -1 -1  1 -1 -1  1 -1 -1]
 [-1 -1  1 -1 -1 -1  1  1 -1 -1 -1 -1 -1 -1  1 -1]
 [-1 -1 -1 -1 -1 -1 -1 -1 -1 -1  1  1  1  1  1  1]
 [ 1  1  1  1  1  1 -1 -1  1  1  1  1  1 -1 -1  1]
 [ 1  1  1  1  1 -1 -1 -1  1  1  1  1 -1 -1 -1  1]
 [ 1 -1  1  1  1 -1 -1 -1  1  1 -1 -1 -1 -1  1 -1]
 [-1 -1  1  1  1 -1 -1 -1  1  1  1  1 -1  1 -1 -1]
 [ 1 -1 -1  1 -1 -1  1  1  1  1  1  1  1  1 -1  1]
 [ 1 -1 -1  1 -1  1  1  1  1  1  1  1  1  1  1  1]
 [-1 -1 -1  1 -1 -1  1  1 -1  1  1  1 -1  1  1  1]
 [-1 -1 -1 -1 -1 -1  1  1 -1 -1  1  1  1  1 -1  1]
 [ 1  1  1 -1 -1 -1  1  1  1  1  1  1  1  1 -1  1]
 [ 1  1 -1 -1 -1  1  1  1  1  1  1  1  1  1  1  1]
 [ 1  1 -1 -1 -1  1  1 -1 -1  1  1  1  1  1  1  1]
 [ 1  1 -1 -1  1  1  1 -1 -1  1  1 -1 -1 -1 -1 -1]
 [-1 -1 -1 -1 -1  1  1  1  1  1  1  1 -1 -1  1  1]]",-0.671875,0.1484375
42,"[[ 1 -1 -1 -1  1 -1 -1  1  1  1  1  1  1  1  1  1]
 [-1 -1  1  1  1 -1 -1 -1 -1  1  1 -1 -1  1 -1  1]
 [ 1 -1  1  1  1  1  1 -1 -1  1  1 -1 -1  1  1  1]
 [ 1 -1 -1 -1 -1  1 -1 -1  1  1  1  1  1  1  1  1]
 [-1 -1 -1  1 -1  1 -1 -1  1 -1  1  1  1  1 -1  1]
 [ 1  1 -1  1  1 -1  1 -1 -1 -1  1  1  1  1  1  1]
 [-1 -1  1 -1  1 -1  1 -1 -1 -1  1  1  1  1  1  1]
 [-1  1  1 -1  1  1  1  1 -1  1  1  1  1  1  1  1]
 [-1 -1 -1 -1  1  1 -1 -1 -1  1  1  1 -1  1 -1  1]
 [-1 -1 -1 -1 -1 -1  1  1  1 -1 -1  1  1 -1 -1 -1]
 [-1  1  1 -1  1 -1  1 -1 -1 -1 -1  1  1  1  1 -1]
 [ 1 -1  1  1 -1 -1 -1 -1 -1 -1  1  1  1  1  1 -1]
 [-1 -1 -1 -1 -1 -1  1  1  1  1  1  1  1  1 -1 -1]
 [-1  1 -1 -1 -1  1  1  1  1  1  1  1  1  1 -1 -1]
 [-1  1  1  1  1 -1 -1 -1  1  1  1  1  1  1  1 -1]
 [-1  1  1  1  1 -1 -1  1  1 -1  1  1  1  1  1 -1]]",-0.546875,0.15625
43,"[[-1 -1 -1  1 -1 -1 -1 -1  1  1  1  1  1 -1 -1 -1]
 [ 1 -1 -1  1 -1 -1  1  1  1  1  1 -1  1 -1 -1  1]
 [-1 -1 -1 -1 -1  1  1  1 -1 -1  1 -1 -1 -1 -1 -1]
 [-1 -1 -1  1  1  1 -1  1  1 -1 -1 -1 -1 -1 -1 -1]
 [-1  1  1  1  1  1  1  1  1 -1 -1 -1 -1 -1 -1 -1]
 [-1  1 -1  1 -1  1  1  1  1  1  1 -1 -1  1  1  1]
 [ 1  1  1 -1 -1  1 -1 -1 -1 -1 -1 -1 -1  1  1  1]
 [ 1  1  1  1 -1 -1 -1  1 -1 -1  1  1 -1  1  1  1]
 [ 1 -1 -1  1 -1 -1 -1  1  1 -1  1 -1  1  1  1  1]
 [ 1  1 -1  1 -1  1 -1  1 -1 -1  1  1  1  1  1  1]
 [ 1  1  1 -1 -1 -1 -1 -1 -1 -1  1  1  1 -1 -1  1]
 [-1 -1 -1  1 -1 -1 -1 -1  1  1 -1 -1 -1 -1 -1 -1]
 [-1 -1  1 -1 -1 -1 -1 -1 -1 -1 -1 -1 -1  1 -1 -1]
 [ 1 -1  1 -1 -1 -1 -1 -1  1 -1 -1 -1 -1 -1  1  1]
 [-1  1  1  1 -1 -1 -1  1  1 -1 -1 -1 -1  1  1 -1]
 [-1 -1  1  1  1 -1 -1 -1  1 -1 -1 -1 -1 -1  1 -1]]",-0.609375,-0.1484375
44,"[[-1 -1  1  1 -1 -1 -1  1 -1  1 -1 -1 -1 -1 -1 -1]
 [ 1  1  1 -1 -1 -1 -1 -1 -1 -1 -1 -1 -1 -1 -1 -1]
 [ 1 -1 -1 -1  1  1 -1 -1 -1 -1 -1 -1 -1 -1 -1 -1]
 [-1 -1  1  1  1 -1  1 -1 -1 -1  1  1  1  1 -1 -1]
 [-1  1  1  1 -1  1  1 -1  1 -1  1  1  1 -1 -1 -1]
 [-1 -1  1 -1 -1  1  1  1 -1 -1 -1  1  1  1  1 -1]
 [ 1 -1 -1 -1 -1  1  1  1 -1  1  1  1  1 -1 -1 -1]
 [-1  1 -1 -1 -1 -1  1  1  1  1  1  1  1  1 -1 -1]
 [-1 -1 -1 -1  1  1  1 -1  1  1  1 -1  1  1 -1 -1]
 [ 1  1  1  1  1  1  1  1  1  1  1 -1  1 -1 -1  1]
 [ 1 -1  1  1  1  1  1 -1  1 -1 -1 -1  1  1  1  1]
 [-1 -1 -1 -1  1  1  1 -1 -1 -1 -1  1  1  1  1  1]
 [-1  1  1  1  1  1  1  1  1  1  1 -1 -1 -1 -1 -1]
 [-1  1 -1 -1 -1 -1  1  1 -1  1  1  1 -1 -1 -1 -1]
 [-1 -1 -1 -1 -1 -1 -1 -1 -1 -1 -1 -1 -1  1 -1 -1]
 [-1 -1 -1  1  1 -1  1 -1 -1 -1 -1 -1 -1 -1  1  1]]",-0.59375,-0.109375
45,"[[ 1  1  1 -1 -1 -1  1  1  1  1 -1  1  1  1  1  1]
 [-1 -1  1 -1 -1  1  1  1  1  1  1  1  1  1  1 -1]
 [-1 -1 -1 -1 -1 -1 -1 -1  1  1  1  1 -1 -1  1  1]
 [-1 -1 -1  1  1 -1 -1  1  1  1 -1  1  1  1  1  1]
 [ 1  1 -1 -1 -1 -1 -1  1  1  1 -1  1 -1  1 -1  1]
 [-1 -1 -1 -1 -1 -1 -1 -1 -1 -1  1  1  1  1 -1 -1]
 [ 1  1  1 -1 -1  1  1 -1 -1 -1 -1  1 -1 -1 -1  1]
 [ 1  1 -1 -1  1 -1 -1 -1 -1 -1 -1 -1  1  1 -1  1]
 [ 1  1  1 -1  1 -1 -1 -1 -1  1 -1 -1  1  1  1  1]
 [-1  1  1 -1  1 -1 -1 -1 -1 -1 -1 -1 -1 -1 -1  1]
 [-1  1 -1 -1 -1 -1  1  1  1 -1 -1 -1 -1 -1  1  1]
 [-1  1  1 -1 -1 -1 -1  1  1 -1 -1 -1 -1 -1  1 -1]
 [-1  1  1  1 -1 -1 -1 -1 -1 -1 -1 -1  1  1 -1 -1]
 [-1  1  1  1  1 -1 -1 -1  1 -1 -1 -1  1  1 -1 -1]
 [-1 -1  1  1  1 -1  1 -1 -1 -1 -1  1  1 -1 -1  1]
 [ 1  1  1  1  1 -1 -1 -1 -1  1 -1  1 -1 -1  1  1]]",-0.59375,-0.09375
46,"[[ 1  1  1  1  1  1  1  1  1  1 -1 -1 -1 -1 -1 -1]
 [ 1  1  1  1  1  1 -1 -1 -1  1 -1  1 -1 -1 -1  1]
 [ 1 -1 -1  1 -1  1 -1 -1  1  1 -1  1 -1 -1 -1  1]
 [-1  1 -1  1  1  1 -1 -1  1  1 -1  1  1  1 -1  1]
 [ 1 -1  1  1  1  1 -1  1  1 -1 -1 -1 -1 -1 -1 -1]
 [ 1 -1  1  1  1  1  1 -1 -1 -1 -1 -1 -1 -1 -1 -1]
 [ 1 -1  1  1  1  1  1 -1  1 -1 -1 -1  1  1 -1 -1]
 [ 1 -1 -1 -1  1  1  1  1 -1 -1 -1 -1  1  1 -1 -1]
 [-1  1  1 -1  1  1 -1  1 -1  1 -1 -1 -1  1  1 -1]
 [-1 -1  1  1  1 -1 -1 -1 -1  1 -1 -1  1  1  1  1]
 [-1  1  1  1 -1  1  1 -1 -1 -1 -1 -1 -1 -1 -1 -1]
 [-1  1  1  1  1 -1  1 -1 -1 -1 -1 -1 -1 -1 -1  1]
 [ 1  1  1  1  1  1  1  1  1  1 -1 -1 -1 -1  1  1]
 [ 1  1  1  1 -1 -1  1  1  1  1  1 -1 -1  1  1  1]
 [ 1  1  1  1  1  1 -1  1  1 -1 -1 -1 -1 -1  1  1]
 [-1  1  1 -1 -1 -1 -1 -1  1 -1 -1 -1 -1 -1  1  1]]",-0.578125,0.0234375
47,"[[-1 -1 -1  1  1  1 -1 -1  1 -1 -1 -1 -1  1 -1 -1]
 [-1 -1 -1  1  1  1 -1  1  1  1  1 -1 -1 -1 -1 -1]
 [-1  1  1  1  1  1  1  1  1  1 -1 -1 -1 -1 -1 -1]
 [ 1 -1  1  1 -1  1  1  1  1  1 -1 -1 -1  1  1  1]
 [ 1 -1 -1 -1 -1 -1  1  1  1 -1  1 -1 -1  1  1  1]
 [-1 -1 -1 -1 -1 -1 -1  1  1 -1  1  1  1 -1 -1 -1]
 [-1 -1  1  1 -1 -1 -1 -1 -1  1  1 -1 -1 -1 -1 -1]
 [-1 -1  1  1  1  1  1  1  1 -1  1 -1 -1 -1 -1 -1]
 [-1 -1 -1  1 -1 -1 -1  1 -1 -1 -1 -1 -1 -1 -1  1]
 [-1 -1 -1 -1  1  1  1 -1 -1  1 -1 -1  1  1 -1  1]
 [-1 -1 -1  1  1  1  1 -1  1  1  1  1  1 -1  1  1]
 [ 1 -1 -1 -1  1 -1 -1  1  1 -1 -1  1  1 -1 -1  1]
 [ 1  1  1 -1  1  1 -1 -1 -1 -1 -1  1 -1 -1  1 -1]
 [ 1 -1 -1 -1 -1  1  1 -1 -1 -1 -1 -1  1 -1 -1 -1]
 [-1 -1 -1  1  1  1  1 -1 -1 -1 -1 -1  1 -1 -1 -1]
 [-1 -1  1  1  1  1 -1 -1 -1  1  1  1  1  1  1 -1]]",-0.546875,-0.1328125
48,"[[ 1  1  1  1 -1 -1  1  1  1  1 -1 -1  1  1  1  1]
 [-1  1 -1  1 -1 -1  1  1  1  1  1  1  1  1  1  1]
 [ 1  1 -1  1 -1  1  1  1  1 -1 -1  1  1  1 -1  1]
 [ 1  1  1  1  1  1  1  1 -1 -1 -1  1  1  1 -1 -1]
 [ 1  1  1  1  1 -1  1  1 -1  1 -1  1 -1  1 -1 -1]
 [-1  1  1  1  1  1 -1  1  1  1  1 -1  1 -1 -1 -1]
 [-1  1  1 -1 -1  1 -1  1  1  1 -1  1  1  1  1 -1]
 [-1  1  1 -1 -1 -1 -1 -1  1  1  1  1  1  1  1 -1]
 [-1 -1 -1 -1 -1 -1 -1 -1 -1  1  1  1  1  1  1 -1]
 [-1 -1 -1 -1 -1 -1 -1 -1  1  1  1 -1  1  1  1  1]
 [ 1 -1 -1 -1 -1  1  1 -1 -1 -1  1  1  1  1 -1  1]
 [ 1  1  1 -1 -1 -1  1 -1 -1 -1 -1 -1  1 -1  1  1]
 [ 1  1 -1 -1 -1  1  1 -1 -1 -1 -1 -1  1 -1 -1  1]
 [ 1 -1 -1 -1 -1  1 -1 -1 -1  1 -1 -1  1  1 -1  1]
 [ 1  1 -1 -1 -1 -1  1  1  1  1  1 -1 -1 -1  1  1]
 [ 1  1 -1  1 -1 -1  1  1  1 -1  1  1  1  1  1  1]]",-0.671875,0.140625
49,"[[-1 -1 -1  1  1 -1 -1 -1  1 -1  1  1  1 -1 -1  1]
 [-1 -1  1 -1 -1 -1 -1 -1 -1 -1 -1 -1 -1  1  1  1]
 [-1  1  1 -1 -1 -1 -1 -1 -1 -1  1 -1 -1  1 -1  1]
 [-1 -1  1 -1 -1 -1 -1 -1 -1 -1 -1 -1 -1  1 -1 -1]
 [-1  1 -1 -1 -1 -1 -1 -1 -1 -1 -1 -1 -1  1 -1 -1]
 [-1  1 -1 -1 -1 -1 -1  1 -1 -1 -1 -1 -1 -1 -1 -1]
 [-1 -1 -1  1 -1 -1 -1 -1  1 -1 -1 -1 -1  1 -1 -1]
 [ 1  1  1 -1 -1 -1 -1  1  1 -1 -1 -1 -1 -1 -1  1]
 [ 1  1  1  1  1 -1 -1 -1  1 -1 -1 -1 -1 -1  1 -1]
 [ 1  1  1  1 -1 -1 -1  1  1  1 -1  1 -1 -1 -1 -1]
 [ 1  1 -1  1 -1  1 -1 -1 -1 -1  1  1 -1 -1 -1 -1]
 [-1 -1  1  1  1  1  1  1 -1 -1  1 -1 -1 -1 -1 -1]
 [ 1  1 -1 -1 -1 -1  1  1 -1 -1 -1 -1 -1 -1  1 -1]
 [ 1 -1 -1 -1 -1 -1 -1 -1 -1 -1  1 -1 -1 -1 -1  1]
 [-1 -1 -1 -1 -1 -1 -1 -1 -1 -1  1  1 -1 -1 -1 -1]
 [-1 -1 -1  1 -1 -1 -1 -1  1 -1 -1 -1 -1 -1 -1 -1]]",-0.734375,-0.4453125
50,"[[-1 -1 -1 -1 -1 -1 -1 -1 -1 -1 -1 -1 -1  1  1  1]
 [ 1 -1 -1  1  1 -1 -1 -1  1 -1 -1 -1 -1  1 -1  1]
 [ 1  1  1  1  1  1  1  1  1 -1  1  1  1  1  1 -1]
 [ 1  1  1 -1 -1  1  1  1  1 -1  1  1  1  1  1 -1]
 [-1  1  1 -1 -1  1  1  1  1  1  1  1  1  1  1  1]
 [ 1 -1 -1 -1  1  1  1  1 -1  1  1  1  1  1  1  1]
 [-1 -1 -1 -1  1 -1  1  1  1  1  1  1 -1  1  1 -1]
 [-1 -1 -1 -1 -1 -1  1  1  1  1  1 -1 -1  1  1  1]
 [ 1 -1 -1 -1 -1 -1  1  1  1 -1  1 -1 -1 -1  1  1]
 [ 1 -1 -1  1 -1 -1 -1 -1 -1 -1 -1 -1 -1 -1  1  1]
 [ 1  1 -1  1 -1  1 -1 -1 -1 -1 -1 -1 -1 -1 -1 -1]
 [-1  1  1 -1 -1 -1 -1 -1 -1 -1 -1 -1 -1 -1 -1 -1]
 [-1  1 -1 -1  1 -1 -1 -1 -1 -1 -1 -1 -1  1  1 -1]
 [ 1  1  1  1  1 -1 -1 -1 -1  1  1 -1 -1  1 -1 -1]
 [-1  1  1  1  1  1  1  1 -1  1  1  1 -1 -1 -1 -1]
 [-1  1  1  1 -1  1 -1 -1 -1  1  1 -1 -1 -1 -1  1]]",-0.765625,-0.0390625
51,"[[-1 -1 -1 -1 -1  1  1  1 -1 -1 -1  1  1  1  1  1]
 [ 1 -1 -1  1 -1  1  1  1 -1  1  1  1  1  1  1  1]
 [ 1 -1  1  1  1  1  1 -1 -1 -1 -1  1  1  1 -1 -1]
 [ 1  1 -1  1  1  1  1 -1 -1 -1 -1  1  1  1 -1  1]
 [ 1 -1  1 -1  1  1  1 -1 -1 -1 -1 -1 -1  1 -1 -1]
 [ 1 -1 -1 -1 -1 -1 -1 -1 -1  1  1  1 -1  1  1  1]
 [ 1 -1 -1 -1 -1 -1 -1 -1 -1 -1 -1  1  1  1  1  1]
 [ 1  1  1 -1 -1 -1  1 -1 -1 -1 -1  1  1  1  1 -1]
 [ 1  1  1 -1 -1 -1  1  1  1  1  1  1  1  1 -1 -1]
 [-1 -1 -1 -1 -1  1  1  1  1  1 -1 -1  1  1 -1 -1]
 [-1  1  1 -1  1  1  1  1  1  1  1  1  1 -1 -1 -1]
 [ 1  1 -1 -1 -1 -1  1  1  1  1  1  1 -1 -1  1  1]
 [ 1  1  1  1  1  1  1  1  1  1  1 -1 -1 -1 -1 -1]
 [-1 -1 -1 -1  1 -1 -1  1  1 -1 -1 -1 -1 -1 -1  1]
 [-1 -1  1 -1  1 -1  1  1 -1 -1  1 -1 -1 -1 -1 -1]
 [-1 -1  1 -1 -1  1  1  1 -1 -1 -1 -1 -1 -1 -1 -1]]",-0.6875,0.0078125
52,"[[-1  1  1  1  1  1  1  1  1 -1 -1 -1 -1  1  1 -1]
 [-1  1  1  1 -1  1  1  1 -1 -1  1  1 -1 -1  1 -1]
 [-1  1  1  1  1 -1  1  1 -1 -1 -1  1  1 -1 -1 -1]
 [-1  1  1  1 -1 -1  1  1  1 -1 -1  1  1  1 -1 -1]
 [-1 -1  1  1  1  1  1  1  1  1  1  1  1 -1 -1 -1]
 [-1 -1 -1  1 -1  1  1  1  1  1  1  1  1  1 -1 -1]
 [-1 -1 -1  1  1  1  1 -1  1  1  1  1  1  1  1 -1]
 [-1 -1 -1  1  1  1  1  1  1  1 -1 -1  1  1 -1 -1]
 [-1 -1 -1  1  1  1  1  1  1  1 -1  1  1  1  1  1]
 [-1 -1 -1  1  1  1  1 -1  1  1 -1 -1 -1  1  1 -1]
 [-1 -1  1  1  1  1 -1 -1 -1  1 -1 -1 -1  1  1 -1]
 [-1 -1 -1  1  1 -1 -1 -1 -1  1 -1  1 -1 -1  1 -1]
 [-1 -1  1  1  1 -1  1  1  1 -1 -1  1 -1  1  1 -1]
 [-1 -1  1  1  1  1  1  1 -1  1  1  1  1  1  1 -1]
 [ 1  1  1  1  1  1  1  1  1  1  1  1  1  1  1  1]
 [ 1  1  1  1  1  1  1  1  1  1 -1  1 -1  1 -1  1]]",-0.859375,0.2421875
53,"[[-1 -1  1  1  1  1  1 -1 -1  1 -1 -1 -1  1  1  1]
 [-1  1 -1  1  1  1 -1 -1 -1  1 -1 -1 -1  1  1  1]
 [ 1 -1  1  1 -1 -1 -1 -1  1 -1 -1 -1 -1  1  1  1]
 [ 1 -1  1  1  1 -1 -1  1  1 -1 -1 -1 -1 -1 -1  1]
 [ 1  1  1  1  1  1  1  1 -1  1 -1  1  1 -1 -1  1]
 [ 1  1  1  1  1  1 -1  1  1 -1 -1  1  1 -1 -1  1]
 [-1 -1  1  1  1  1  1  1 -1 -1 -1 -1  1  1 -1  1]
 [-1 -1  1  1  1 -1 -1 -1 -1  1  1 -1 -1 -1 -1 -1]
 [ 1 -1  1  1  1 -1 -1  1 -1  1 -1 -1 -1 -1  1 -1]
 [-1 -1 -1 -1 -1 -1 -1  1 -1 -1 -1  1 -1 -1 -1 -1]
 [ 1 -1 -1 -1 -1 -1  1  1  1  1  1 -1 -1 -1 -1  1]
 [ 1 -1 -1 -1 -1 -1 -1  1  1 -1 -1 -1 -1 -1 -1 -1]
 [ 1  1  1 -1  1 -1 -1 -1  1  1 -1 -1 -1 -1 -1 -1]
 [-1  1  1 -1  1  1  1  1  1 -1  1  1 -1 -1 -1 -1]
 [-1 -1  1  1 -1 -1  1  1  1 -1  1  1 -1  1  1 -1]
 [ 1  1  1 -1  1 -1  1  1  1 -1  1  1  1  1  1  1]]",-0.515625,-0.03125
54,"[[ 1  1  1  1  1  1  1  1  1  1  1  1  1  1 -1  1]
 [ 1 -1 -1 -1 -1 -1  1  1  1  1  1  1  1 -1 -1 -1]
 [ 1  1  1 -1 -1  1  1  1 -1  1  1  1  1 -1 -1  1]
 [ 1  1  1  1  1  1  1 -1  1 -1  1  1  1 -1  1  1]
 [ 1  1  1  1  1 -1 -1  1  1 -1  1 -1 -1  1  1  1]
 [ 1  1 -1  1  1  1  1  1  1  1 -1 -1 -1  1 -1  1]
 [-1  1  1  1  1  1  1  1 -1 -1 -1 -1 -1  1 -1 -1]
 [ 1  1  1  1  1  1 -1  1  1 -1 -1 -1 -1  1  1  1]
 [ 1  1  1  1  1 -1  1  1  1  1  1 -1 -1 -1 -1  1]
 [ 1 -1  1  1  1 -1 -1  1  1  1  1  1  1 -1  1  1]
 [-1  1  1 -1 -1 -1 -1  1  1  1  1 -1 -1  1  1  1]
 [-1  1  1 -1  1  1  1 -1 -1 -1 -1 -1 -1  1  1 -1]
 [ 1  1  1 -1 -1 -1 -1 -1 -1 -1 -1 -1 -1  1  1  1]
 [ 1  1  1 -1 -1 -1 -1 -1 -1 -1 -1 -1  1  1 -1 -1]
 [ 1  1  1  1  1  1  1  1  1  1  1  1  1 -1 -1 -1]
 [ 1  1  1  1 -1 -1  1  1  1  1  1  1  1 -1 -1  1]]",-0.734375,0.2734375
55,"[[ 1 -1  1  1 -1 -1 -1 -1  1  1  1  1  1  1  1  1]
 [-1  1  1  1  1  1  1  1  1 -1 -1 -1 -1 -1 -1 -1]
 [ 1  1  1  1  1  1  1 -1 -1 -1 -1  1  1 -1  1  1]
 [ 1  1  1  1  1  1  1  1  1  1 -1  1  1 -1  1  1]
 [-1  1  1  1  1  1  1  1 -1  1  1  1  1 -1  1  1]
 [ 1  1  1 -1  1  1  1  1 -1 -1 -1  1  1 -1  1  1]
 [-1 -1 -1 -1 -1  1  1  1 -1 -1 -1  1  1  1 -1 -1]
 [-1  1  1  1 -1  1 -1  1  1 -1 -1  1  1  1  1  1]
 [-1 -1  1  1 -1  1 -1 -1 -1 -1 -1  1  1  1  1  1]
 [-1 -1  1  1 -1  1 -1  1 -1 -1  1  1  1  1  1 -1]
 [-1 -1  1  1  1 -1 -1  1 -1 -1 -1  1  1  1  1 -1]
 [-1 -1  1  1  1  1  1  1 -1 -1 -1  1 -1  1  1 -1]
 [ 1  1  1  1  1  1  1  1 -1  1  1  1  1 -1 -1 -1]
 [ 1  1  1 -1  1  1  1  1  1  1  1 -1  1 -1 -1  1]
 [-1  1  1  1  1  1 -1  1 -1 -1  1 -1 -1 -1 -1 -1]
 [ 1  1  1  1  1  1  1  1  1  1  1  1  1  1 -1 -1]]",-0.671875,0.28125
56,"[[-1 -1 -1  1  1 -1 -1  1 -1  1  1 -1  1  1  1  1]
 [-1 -1 -1  1 -1  1  1  1 -1  1  1 -1  1  1  1 -1]
 [-1 -1 -1  1 -1 -1  1  1 -1 -1 -1 -1  1  1 -1 -1]
 [ 1 -1 -1  1 -1 -1  1  1  1  1 -1 -1  1  1  1 -1]
 [ 1 -1  1 -1 -1 -1 -1 -1  1 -1 -1 -1  1  1  1  1]
 [ 1  1  1  1  1  1 -1 -1  1 -1 -1 -1  1  1  1  1]
 [ 1  1  1  1 -1  1 -1  1  1 -1 -1 -1 -1  1 -1  1]
 [ 1  1  1  1 -1 -1  1  1  1  1  1  1  1 -1  1  1]
 [-1 -1 -1 -1  1  1  1  1  1  1  1  1  1 -1  1  1]
 [-1 -1 -1 -1  1  1  1  1  1 -1 -1  1  1  1 -1  1]
 [-1 -1 -1 -1 -1 -1  1  1 -1  1 -1  1  1  1 -1 -1]
 [-1 -1  1  1  1  1  1  1 -1  1 -1  1  1 -1 -1 -1]
 [ 1  1  1  1  1  1  1  1 -1  1  1  1  1  1  1  1]
 [-1 -1 -1  1  1  1  1 -1 -1 -1  1  1  1  1  1  1]
 [-1 -1 -1  1  1 -1 -1 -1 -1 -1 -1  1  1  1  1  1]
 [ 1 -1 -1  1 -1 -1  1  1 -1 -1 -1  1  1  1  1  1]]",-0.6875,0.15625
57,"[[ 1 -1 -1  1 -1  1 -1  1  1  1 -1  1 -1 -1 -1 -1]
 [ 1 -1 -1 -1 -1  1  1 -1  1  1  1  1 -1  1 -1 -1]
 [ 1 -1 -1  1 -1 -1  1  1  1  1  1 -1 -1 -1  1 -1]
 [-1 -1 -1  1 -1 -1  1  1  1  1  1 -1 -1 -1  1  1]
 [-1  1  1  1 -1 -1  1  1 -1 -1  1 -1 -1 -1 -1 -1]
 [-1 -1  1  1 -1 -1  1  1  1  1 -1  1  1  1  1 -1]
 [-1 -1  1  1 -1 -1  1  1  1  1 -1 -1 -1 -1  1 -1]
 [-1  1 -1 -1 -1 -1  1 -1 -1 -1 -1 -1 -1 -1 -1 -1]
 [-1 -1 -1 -1 -1 -1 -1 -1 -1 -1 -1 -1  1 -1 -1 -1]
 [-1 -1 -1 -1 -1 -1 -1  1 -1  1 -1 -1 -1 -1  1  1]
 [-1 -1 -1 -1 -1 -1  1  1  1 -1  1  1 -1  1  1  1]
 [ 1  1 -1 -1 -1  1  1  1 -1  1 -1 -1  1  1  1  1]
 [ 1  1 -1  1 -1  1  1 -1 -1 -1 -1  1  1  1  1  1]
 [ 1  1  1  1  1  1 -1  1  1 -1 -1 -1  1 -1 -1 -1]
 [-1  1  1  1  1  1 -1  1  1  1 -1  1  1 -1  1 -1]
 [-1 -1 -1 -1 -1  1  1  1  1 -1 -1  1  1 -1  1  1]]",-0.515625,-0.0859375
58,"[[-1 -1 -1  1 -1  1 -1  1  1 -1 -1  1  1 -1 -1 -1]
 [-1 -1 -1  1  1 -1 -1  1  1  1  1 -1  1 -1  1 -1]
 [-1 -1 -1 -1  1  1  1  1  1  1  1 -1 -1 -1 -1 -1]
 [ 1  1  1  1  1  1  1  1  1  1 -1 -1 -1 -1  1  1]
 [ 1  1  1  1  1  1  1 -1 -1 -1  1 -1  1 -1  1  1]
 [-1 -1 -1 -1  1  1 -1 -1 -1 -1  1  1  1 -1 -1  1]
 [-1 -1  1 -1 -1 -1  1  1 -1 -1 -1  1  1  1  1  1]
 [-1 -1  1  1 -1 -1 -1  1 -1 -1 -1  1  1  1  1  1]
 [-1  1  1  1  1 -1 -1  1  1  1  1  1  1  1  1 -1]
 [-1  1  1  1  1  1 -1  1  1 -1  1  1  1  1  1 -1]
 [-1 -1 -1 -1 -1  1 -1 -1  1 -1  1 -1 -1 -1 -1 -1]
 [-1 -1 -1 -1 -1 -1 -1 -1  1  1  1  1 -1 -1 -1 -1]
 [-1 -1 -1 -1 -1 -1 -1  1  1  1  1 -1 -1 -1  1  1]
 [-1 -1 -1  1  1 -1 -1 -1 -1  1  1  1  1 -1 -1 -1]
 [-1 -1 -1  1  1 -1 -1  1  1  1  1 -1 -1 -1  1  1]
 [-1 -1  1 -1  1  1 -1 -1  1  1  1 -1 -1 -1 -1  1]]",-0.625,-0.03125
59,"[[ 1  1  1  1 -1 -1  1 -1  1 -1 -1 -1 -1 -1 -1  1]
 [ 1  1  1  1  1 -1 -1  1 -1 -1 -1 -1 -1 -1  1  1]
 [ 1  1  1  1  1 -1 -1 -1 -1 -1 -1  1  1  1  1  1]
 [ 1  1  1  1  1 -1 -1 -1 -1  1  1  1  1 -1  1  1]
 [-1 -1 -1 -1 -1 -1 -1 -1  1  1  1  1  1  1  1 -1]
 [-1  1 -1 -1 -1 -1 -1 -1  1  1  1  1  1  1  1 -1]
 [-1 -1  1 -1  1  1 -1 -1 -1 -1 -1 -1  1 -1 -1 -1]
 [-1 -1 -1 -1  1  1  1 -1 -1 -1 -1 -1 -1 -1 -1 -1]
 [ 1 -1 -1 -1  1  1  1 -1 -1 -1 -1 -1 -1 -1 -1  1]
 [ 1 -1 -1 -1  1 -1 -1  1  1  1  1 -1 -1 -1 -1  1]
 [ 1  1 -1 -1 -1 -1  1  1  1 -1  1 -1 -1 -1  1 -1]
 [-1 -1 -1 -1 -1 -1  1  1  1 -1 -1 -1 -1 -1 -1 -1]
 [-1  1 -1  1  1 -1 -1  1  1  1 -1  1  1 -1  1  1]
 [-1 -1  1  1  1 -1 -1 -1 -1 -1 -1 -1 -1 -1 -1 -1]
 [ 1  1  1 -1 -1 -1  1 -1 -1 -1 -1 -1 -1 -1 -1 -1]
 [-1  1 -1 -1 -1 -1  1  1  1  1 -1 -1 -1 -1 -1 -1]]",-0.78125,-0.203125
60,"[[-1  1  1  1 -1 -1 -1 -1 -1 -1 -1 -1  1 -1 -1 -1]
 [ 1  1 -1 -1 -1 -1 -1 -1 -1  1  1 -1  1  1  1  1]
 [-1 -1 -1 -1 -1  1 -1 -1 -1 -1 -1  1 -1  1 -1 -1]
 [-1 -1 -1 -1 -1 -1 -1 -1 -1 -1 -1  1 -1  1  1 -1]
 [ 1  1  1  1 -1 -1 -1  1  1  1  1  1 -1 -1 -1 -1]
 [-1  1  1 -1 -1 -1  1  1  1 -1 -1 -1 -1 -1  1 -1]
 [ 1  1  1 -1 -1  1  1  1  1  1  1 -1  1  1  1  1]
 [ 1  1 -1 -1  1  1  1  1  1 -1  1 -1  1  1  1  1]
 [ 1 -1 -1  1  1  1 -1 -1 -1 -1 -1  1 -1  1 -1  1]
 [-1 -1  1  1  1  1 -1 -1  1 -1  1  1  1  1 -1 -1]
 [-1 -1  1  1 -1 -1  1 -1  1  1  1  1  1  1 -1 -1]
 [-1 -1 -1 -1 -1 -1  1 -1 -1  1  1  1  1 -1  1 -1]
 [-1 -1  1 -1  1  1 -1 -1 -1 -1 -1  1  1  1  1 -1]
 [-1  1 -1 -1  1  1 -1  1 -1 -1 -1 -1  1  1  1  1]
 [ 1  1  1 -1 -1 -1 -1  1 -1 -1 -1 -1 -1  1  1  1]
 [-1  1 -1 -1 -1 -1 -1 -1 -1 -1 -1 -1 -1  1  1 -1]]",-0.578125,-0.109375
61,"[[ 1 -1 -1 -1 -1 -1 -1  1 -1 -1  1 -1  1  1  1 -1]
 [ 1 -1  1  1  1  1 -1 -1 -1 -1 -1 -1 -1  1  1  1]
 [ 1 -1  1  1  1  1 -1 -1 -1  1 -1  1  1  1 -1  1]
 [-1 -1 -1  1  1  1  1  1  1  1  1  1  1  1 -1  1]
 [ 1 -1 -1  1  1  1 -1 -1  1  1 -1 -1 -1  1  1  1]
 [ 1 -1  1  1  1  1 -1 -1  1  1 -1 -1 -1  1  1  1]
 [ 1  1  1  1  1  1  1 -1 -1 -1 -1 -1 -1  1  1  1]
 [ 1 -1 -1  1  1  1  1  1 -1 -1 -1  1 -1  1  1  1]
 [-1 -1  1  1 -1 -1  1  1 -1 -1 -1 -1 -1 -1  1  1]
 [ 1 -1  1  1  1  1 -1  1  1  1  1  1  1 -1 -1 -1]
 [-1 -1  1  1  1  1  1 -1  1  1  1 -1 -1  1  1 -1]
 [ 1 -1  1  1  1  1  1 -1  1  1  1 -1  1  1  1  1]
 [ 1  1  1  1  1  1  1  1  1 -1 -1 -1  1  1  1  1]
 [ 1  1  1  1  1  1  1 -1  1 -1  1  1  1  1  1 -1]
 [ 1  1  1 -1 -1  1  1  1 -1 -1  1  1  1  1 -1  1]
 [ 1  1  1  1  1  1  1  1 -1  1  1  1  1  1  1  1]]",-0.65625,0.3046875
62,"[[-1 -1 -1 -1 -1  1  1  1  1  1  1  1 -1 -1 -1  1]
 [-1 -1 -1 -1 -1 -1  1 -1  1  1  1  1 -1  1 -1 -1]
 [ 1 -1 -1 -1  1 -1 -1 -1  1  1  1  1  1  1 -1 -1]
 [-1 -1  1 -1 -1 -1 -1 -1 -1 -1  1 -1  1 -1 -1 -1]
 [ 1 -1  1  1  1  1 -1 -1 -1 -1 -1 -1 -1 -1 -1 -1]
 [-1 -1  1  1  1  1 -1  1  1  1  1  1  1 -1 -1 -1]
 [-1 -1 -1  1  1  1  1  1  1  1  1 -1 -1 -1 -1 -1]
 [ 1 -1 -1 -1  1  1  1  1 -1  1  1  1 -1 -1  1  1]
 [ 1 -1 -1 -1 -1 -1  1 -1 -1  1  1 -1 -1 -1 -1 -1]
 [ 1  1 -1 -1 -1 -1  1 -1 -1  1 -1 -1 -1 -1 -1 -1]
 [ 1  1 -1 -1  1 -1  1 -1 -1  1 -1 -1 -1 -1  1  1]
 [-1  1 -1 -1 -1 -1  1 -1 -1  1 -1 -1 -1 -1 -1 -1]
 [-1  1 -1 -1 -1  1  1  1  1  1  1  1 -1 -1  1 -1]
 [-1 -1 -1 -1 -1  1  1  1  1  1 -1 -1 -1 -1  1 -1]
 [ 1 -1 -1  1  1  1  1  1 -1  1  1 -1 -1  1  1  1]
 [ 1 -1 -1 -1 -1 -1 -1  1 -1  1 -1 -1 -1 -1 -1  1]]",-0.6875,-0.171875
63,"[[-1 -1 -1 -1  1 -1 -1  1  1 -1 -1 -1  1  1 -1 -1]
 [-1 -1 -1 -1 -1 -1  1  1  1 -1  1 -1 -1 -1 -1  1]
 [-1 -1  1  1  1  1  1  1  1  1 -1 -1 -1  1  1 -1]
 [ 1 -1 -1  1  1  1  1  1  1 -1 -1 -1  1 -1  1  1]
 [ 1 -1 -1  1  1  1 -1  1 -1 -1 -1 -1 -1 -1  1  1]
 [ 1  1  1  1  1  1  1  1  1  1 -1 -1  1  1  1  1]
 [ 1  1  1  1  1  1  1  1  1  1  1  1  1  1  1  1]
 [ 1  1 -1  1  1 -1  1  1  1  1  1 -1  1  1  1  1]
 [-1 -1 -1  1  1  1  1  1  1 -1  1 -1  1  1  1  1]
 [ 1 -1  1  1  1  1  1  1 -1 -1 -1 -1 -1 -1  1  1]
 [ 1 -1 -1  1 -1  1  1  1 -1  1 -1 -1  1  1  1 -1]
 [-1 -1 -1 -1 -1 -1  1  1 -1  1 -1 -1  1 -1  1  1]
 [-1 -1 -1  1  1  1  1  1  1  1  1  1 -1 -1 -1 -1]
 [ 1  1  1 -1  1  1  1  1  1  1  1 -1 -1 -1  1 -1]
 [-1 -1  1 -1  1  1  1  1  1  1  1 -1  1 -1 -1 -1]
 [-1 -1  1 -1  1  1 -1  1  1  1  1  1 -1 -1  1  1]]",-0.625,0.203125
64,"[[-1 -1  1 -1 -1 -1  1 -1 -1 -1 -1 -1 -1 -1 -1 -1]
 [-1 -1 -1 -1 -1 -1 -1  1  1 -1 -1 -1 -1 -1 -1 -1]
 [-1 -1 -1 -1 -1 -1 -1  1  1  1 -1 -1 -1 -1 -1 -1]
 [-1 -1 -1 -1  1  1  1  1  1  1  1  1 -1 -1 -1 -1]
 [-1 -1  1 -1 -1  1 -1  1 -1  1  1  1  1 -1  1 -1]
 [ 1  1  1 -1 -1 -1 -1  1 -1 -1 -1 -1 -1 -1 -1 -1]
 [ 1  1  1 -1 -1 -1 -1  1  1 -1 -1 -1  1  1 -1 -1]
 [ 1 -1 -1 -1  1  1  1  1  1  1  1  1  1 -1 -1 -1]
 [ 1 -1 -1 -1  1  1  1 -1 -1  1  1  1 -1 -1  1  1]
 [ 1  1  1 -1 -1 -1 -1 -1 -1 -1  1  1  1  1  1  1]
 [-1 -1 -1 -1 -1 -1 -1  1 -1  1 -1  1  1 -1  1  1]
 [ 1 -1 -1 -1 -1 -1 -1 -1  1  1 -1  1  1 -1  1 -1]
 [ 1 -1 -1 -1 -1 -1 -1 -1 -1 -1 -1 -1 -1 -1 -1  1]
 [ 1 -1 -1  1 -1 -1 -1 -1 -1 -1 -1 -1 -1  1 -1  1]
 [ 1  1  1  1 -1 -1 -1 -1 -1 -1 -1 -1 -1 -1 -1 -1]
 [-1  1  1 -1 -1 -1 -1 -1 -1 -1 -1 -1 -1  1  1 -1]]",-0.8125,-0.3125
65,"[[-1 -1 -1  1  1 -1  1  1  1  1  1  1  1  1  1 -1]
 [-1 -1 -1 -1 -1 -1 -1  1  1  1  1 -1  1  1 -1 -1]
 [ 1  1 -1 -1 -1  1 -1 -1 -1  1  1  1  1  1  1  1]
 [ 1  1  1 -1  1  1  1 -1  1  1  1  1  1  1  1  1]
 [-1  1  1 -1 -1  1  1 -1 -1 -1  1  1  1  1  1 -1]
 [ 1 -1  1 -1 -1  1  1 -1 -1 -1 -1  1  1  1 -1 -1]
 [-1 -1 -1  1  1  1  1 -1  1 -1 -1  1 -1 -1 -1 -1]
 [ 1 -1 -1 -1 -1  1  1  1  1  1 -1 -1 -1 -1  1  1]
 [-1 -1 -1  1  1  1 -1  1  1  1 -1 -1  1  1  1  1]
 [-1 -1  1  1 -1 -1  1  1  1  1  1 -1  1  1  1  1]
 [-1 -1  1 -1 -1 -1  1  1  1  1 -1  1  1  1  1  1]
 [ 1  1 -1 -1 -1 -1  1  1 -1  1  1  1  1  1  1  1]
 [ 1  1  1  1 -1 -1 -1 -1  1  1  1  1  1  1  1 -1]
 [-1  1  1 -1 -1 -1 -1 -1 -1  1  1  1  1 -1  1 -1]
 [-1  1  1 -1 -1  1 -1 -1 -1  1  1 -1  1 -1  1  1]
 [-1 -1 -1  1 -1 -1  1 -1 -1  1  1 -1 -1  1  1 -1]]",-0.625,0.1328125
66,"[[ 1 -1  1 -1  1  1 -1 -1  1  1  1  1  1  1  1 -1]
 [ 1  1  1  1 -1 -1 -1  1  1  1  1  1  1  1  1  1]
 [ 1  1 -1  1 -1 -1 -1  1  1 -1 -1  1 -1  1  1  1]
 [-1  1  1  1  1  1 -1 -1 -1 -1 -1 -1  1  1 -1 -1]
 [-1 -1  1  1  1  1  1 -1 -1  1 -1  1 -1 -1 -1 -1]
 [ 1 -1 -1 -1 -1  1 -1 -1 -1  1  1  1 -1 -1  1 -1]
 [ 1  1 -1 -1 -1 -1 -1 -1 -1  1  1  1 -1 -1 -1  1]
 [ 1  1 -1 -1 -1  1  1  1  1  1  1  1 -1 -1 -1 -1]
 [-1 -1 -1  1  1 -1 -1  1  1 -1 -1 -1  1  1 -1 -1]
 [-1 -1 -1  1  1  1 -1  1 -1 -1 -1 -1  1 -1 -1 -1]
 [-1 -1 -1 -1  1  1 -1 -1 -1 -1 -1 -1 -1  1 -1 -1]
 [-1  1 -1 -1  1  1 -1  1 -1 -1 -1 -1 -1 -1 -1 -1]
 [-1 -1 -1 -1  1  1 -1  1 -1 -1 -1 -1 -1 -1 -1 -1]
 [-1 -1 -1  1  1  1 -1 -1 -1 -1 -1  1  1  1 -1 -1]
 [-1 -1 -1  1  1  1 -1  1 -1  1  1  1  1  1 -1 -1]
 [ 1  1 -1  1  1  1  1  1 -1  1  1  1  1  1 -1  1]]",-0.671875,-0.0859375
67,"[[-1 -1 -1 -1 -1  1 -1 -1 -1 -1  1  1  1  1 -1 -1]
 [ 1 -1 -1 -1 -1 -1 -1 -1 -1 -1 -1  1  1 -1  1  1]
 [ 1 -1 -1  1 -1 -1  1  1 -1 -1  1  1  1  1 -1  1]
 [ 1 -1 -1 -1 -1 -1  1  1  1 -1  1  1 -1 -1 -1 -1]
 [-1 -1 -1 -1 -1 -1  1  1  1 -1 -1  1 -1 -1 -1  1]
 [ 1  1  1  1  1  1  1  1  1  1 -1  1  1  1  1  1]
 [-1 -1 -1  1  1  1  1  1  1  1  1  1 -1  1 -1  1]
 [-1 -1 -1 -1 -1 -1  1 -1 -1  1  1  1  1  1  1  1]
 [-1  1 -1 -1 -1 -1 -1 -1 -1  1  1  1  1  1  1 -1]
 [ 1  1 -1 -1 -1 -1 -1  1  1 -1 -1 -1 -1 -1  1 -1]
 [-1 -1 -1 -1 -1 -1 -1  1  1  1 -1 -1 -1 -1  1 -1]
 [-1 -1 -1  1  1  1  1  1  1 -1 -1 -1 -1 -1  1 -1]
 [-1 -1 -1  1  1  1  1  1  1  1 -1 -1 -1 -1 -1 -1]
 [-1 -1  1 -1 -1  1  1  1  1  1  1 -1 -1 -1 -1 -1]
 [-1 -1 -1  1 -1  1  1  1  1  1  1 -1 -1 -1 -1 -1]
 [-1  1 -1 -1 -1  1  1  1 -1  1  1  1 -1 -1 -1 -1]]",-0.796875,-0.1015625
68,"[[ 1 -1 -1 -1 -1 -1  1  1  1  1 -1 -1  1  1  1 -1]
 [ 1  1 -1  1 -1 -1  1  1  1  1  1  1  1  1  1 -1]
 [ 1 -1 -1 -1  1  1  1  1  1  1 -1  1  1  1  1 -1]
 [ 1  1  1  1  1  1  1  1 -1  1  1  1 -1  1  1  1]
 [ 1  1  1  1  1  1  1  1  1  1  1  1 -1  1 -1 -1]
 [-1 -1  1  1  1  1  1  1  1  1  1  1  1 -1 -1 -1]
 [ 1  1  1 -1  1  1  1 -1  1  1  1 -1 -1 -1 -1  1]
 [ 1 -1  1  1  1  1  1  1  1  1 -1 -1  1  1  1  1]
 [-1  1  1 -1  1  1  1 -1  1  1  1  1  1  1  1 -1]
 [-1 -1 -1 -1 -1  1  1 -1  1  1  1  1  1  1  1 -1]
 [-1 -1 -1  1 -1 -1  1 -1  1  1  1  1  1  1 -1 -1]
 [-1 -1 -1  1 -1 -1 -1 -1  1  1  1  1  1 -1 -1 -1]
 [ 1 -1  1  1 -1 -1 -1  1  1 -1  1  1 -1 -1 -1  1]
 [ 1  1  1  1  1 -1 -1  1  1 -1 -1  1 -1 -1 -1 -1]
 [-1 -1 -1 -1 -1 -1  1  1  1  1 -1  1 -1  1  1 -1]
 [-1 -1 -1 -1 -1  1  1  1  1  1 -1  1  1  1  1 -1]]",-0.765625,0.2421875
69,"[[-1  1  1  1  1  1 -1 -1  1  1  1 -1  1  1  1  1]
 [ 1 -1  1  1  1  1 -1 -1 -1  1  1  1  1 -1 -1  1]
 [ 1 -1  1  1 -1 -1 -1 -1 -1  1  1  1 -1 -1 -1 -1]
 [ 1  1  1  1  1 -1 -1  1 -1 -1  1  1  1  1 -1 -1]
 [-1  1  1  1  1 -1  1  1  1  1  1  1  1  1  1  1]
 [ 1  1  1  1  1 -1  1  1  1  1  1  1  1  1 -1  1]
 [ 1  1  1  1  1 -1  1  1 -1  1  1  1 -1 -1 -1  1]
 [ 1  1  1  1  1  1  1  1 -1  1  1  1  1 -1 -1  1]
 [ 1  1  1  1 -1 -1  1  1  1  1  1  1  1  1  1  1]
 [ 1  1  1 -1  1 -1  1  1  1  1  1  1  1  1  1  1]
 [ 1 -1  1 -1  1  1  1  1  1  1  1  1  1  1  1  1]
 [ 1 -1 -1 -1 -1 -1 -1 -1 -1  1  1 -1 -1  1  1  1]
 [-1  1 -1 -1 -1 -1 -1 -1 -1  1 -1 -1 -1 -1  1  1]
 [ 1  1  1 -1  1 -1  1  1  1  1  1 -1  1  1  1  1]
 [ 1  1  1  1  1 -1  1  1  1 -1  1  1  1  1  1  1]
 [ 1  1  1  1  1  1  1  1 -1 -1  1  1  1 -1  1  1]]",-0.84375,0.421875
70,"[[ 1  1 -1  1  1 -1 -1 -1  1 -1  1 -1 -1 -1  1  1]
 [ 1  1  1  1  1  1  1  1  1  1 -1 -1 -1 -1  1  1]
 [ 1 -1 -1  1  1 -1 -1 -1  1  1 -1  1  1 -1 -1  1]
 [ 1 -1 -1 -1 -1 -1 -1  1  1 -1 -1  1  1  1  1  1]
 [-1 -1  1 -1 -1 -1 -1  1  1 -1  1  1  1  1  1  1]
 [-1 -1 -1 -1 -1 -1 -1  1  1  1  1 -1  1 -1  1  1]
 [-1 -1 -1 -1 -1 -1 -1 -1 -1 -1  1  1 -1 -1  1  1]
 [ 1  1 -1 -1  1 -1 -1  1  1 -1 -1  1 -1 -1  1  1]
 [ 1  1  1  1  1  1  1  1  1  1 -1  1 -1 -1  1  1]
 [ 1 -1 -1 -1 -1 -1 -1 -1  1 -1  1  1  1 -1  1  1]
 [-1 -1 -1 -1 -1 -1 -1 -1  1  1 -1  1  1 -1 -1  1]
 [-1  1  1  1 -1  1 -1 -1  1  1  1  1 -1 -1 -1 -1]
 [-1  1  1 -1  1  1 -1  1  1  1  1  1 -1  1 -1 -1]
 [-1 -1 -1  1 -1  1 -1 -1  1  1  1 -1 -1 -1 -1 -1]
 [-1 -1  1 -1  1 -1 -1 -1 -1 -1 -1  1  1 -1 -1 -1]
 [-1 -1  1 -1  1  1 -1 -1 -1  1 -1 -1 -1 -1 -1 -1]]",-0.5,-0.0625
71,"[[-1 -1 -1 -1 -1 -1  1 -1  1  1  1 -1 -1 -1 -1 -1]
 [-1 -1 -1  1  1  1  1  1  1 -1  1 -1 -1 -1 -1 -1]
 [ 1  1 -1 -1  1  1  1  1  1 -1 -1 -1 -1 -1 -1 -1]
 [ 1  1 -1 -1  1 -1  1  1  1 -1 -1 -1 -1 -1  1 -1]
 [-1 -1 -1 -1 -1  1  1  1  1 -1 -1 -1 -1 -1 -1 -1]
 [ 1  1  1 -1  1  1  1  1 -1 -1 -1 -1  1 -1 -1  1]
 [ 1  1  1 -1 -1  1  1  1 -1 -1 -1 -1 -1 -1 -1  1]
 [ 1  1 -1  1  1  1 -1  1 -1 -1 -1 -1 -1 -1 -1  1]
 [ 1  1 -1  1  1 -1 -1 -1 -1  1 -1 -1 -1 -1  1  1]
 [ 1  1 -1  1 -1 -1 -1 -1 -1 -1 -1 -1 -1 -1 -1 -1]
 [ 1  1  1  1 -1 -1 -1 -1  1  1 -1 -1 -1 -1  1  1]
 [-1 -1  1  1  1 -1 -1 -1 -1 -1 -1 -1 -1  1  1  1]
 [ 1  1  1  1  1  1  1  1  1 -1 -1 -1 -1  1  1  1]
 [-1 -1  1  1  1  1  1  1 -1 -1 -1  1 -1  1 -1 -1]
 [-1 -1 -1 -1  1  1 -1 -1 -1  1 -1 -1 -1 -1 -1 -1]
 [-1 -1 -1 -1 -1 -1 -1 -1  1  1  1 -1 -1 -1 -1 -1]]",-0.890625,-0.203125
72,"[[ 1  1 -1 -1 -1 -1 -1 -1 -1  1  1  1  1 -1 -1 -1]
 [-1 -1  1  1  1 -1 -1 -1  1  1  1  1 -1 -1 -1 -1]
 [-1 -1 -1  1 -1 -1 -1 -1 -1  1  1 -1 -1  1  1 -1]
 [-1 -1 -1 -1 -1 -1 -1 -1 -1 -1 -1 -1  1  1 -1 -1]
 [ 1  1  1  1  1 -1 -1 -1  1 -1  1  1 -1 -1 -1 -1]
 [-1  1 -1 -1 -1 -1 -1 -1 -1 -1 -1 -1 -1 -1 -1 -1]
 [ 1 -1  1 -1 -1 -1 -1 -1  1 -1 -1 -1  1 -1 -1 -1]
 [ 1  1 -1 -1 -1 -1 -1 -1 -1 -1 -1  1 -1 -1 -1  1]
 [ 1  1 -1  1 -1 -1 -1 -1  1 -1 -1  1  1  1 -1  1]
 [ 1 -1 -1  1 -1 -1 -1  1  1  1  1  1  1 -1  1  1]
 [-1 -1  1  1  1 -1 -1 -1  1  1  1  1  1 -1  1 -1]
 [ 1  1 -1 -1 -1 -1 -1 -1  1  1  1 -1 -1 -1  1  1]
 [-1 -1 -1 -1 -1  1 -1 -1  1  1  1 -1 -1 -1  1  1]
 [-1 -1 -1 -1  1  1 -1 -1  1  1  1 -1 -1 -1 -1  1]
 [-1  1 -1 -1  1  1 -1 -1 -1 -1 -1 -1  1  1  1 -1]
 [-1  1 -1 -1 -1 -1  1 -1 -1 -1 -1 -1  1 -1 -1 -1]]",-0.625,-0.28125
73,"[[-1 -1 -1 -1 -1  1  1  1 -1  1  1  1  1  1  1 -1]
 [-1 -1 -1 -1  1 -1 -1 -1 -1 -1 -1  1  1  1  1 -1]
 [-1 -1 -1 -1 -1 -1 -1  1  1 -1 -1  1  1  1  1 -1]
 [-1  1 -1 -1 -1 -1  1 -1 -1 -1 -1 -1 -1  1  1  1]
 [-1 -1  1  1 -1 -1  1 -1  1 -1 -1  1 -1  1  1  1]
 [-1 -1  1  1 -1 -1 -1 -1  1  1  1  1  1  1  1 -1]
 [ 1  1  1  1 -1 -1 -1 -1 -1  1  1  1  1  1  1 -1]
 [-1  1 -1  1 -1 -1  1 -1 -1  1 -1 -1 -1 -1  1 -1]
 [ 1  1  1  1 -1 -1  1 -1  1  1  1  1  1  1  1  1]
 [ 1  1  1  1  1  1 -1  1  1  1  1  1  1  1  1  1]
 [ 1  1  1  1  1  1  1  1  1 -1  1 -1  1  1  1  1]
 [-1  1  1  1  1  1  1  1  1  1 -1 -1  1  1  1  1]
 [-1  1  1  1  1  1  1  1  1  1  1  1  1  1  1 -1]
 [-1 -1  1 -1 -1 -1  1  1 -1  1  1 -1  1  1  1  1]
 [-1 -1  1 -1 -1 -1 -1  1  1  1  1  1  1  1  1  1]
 [-1 -1  1  1 -1  1 -1  1  1  1  1  1  1  1  1 -1]]",-0.796875,0.21875
74,"[[-1 -1  1 -1  1  1  1  1  1  1  1  1  1 -1  1 -1]
 [-1  1  1  1  1 -1  1  1  1  1  1  1  1 -1 -1 -1]
 [-1 -1 -1 -1 -1 -1 -1  1  1 -1  1  1  1 -1 -1  1]
 [-1 -1 -1  1  1  1 -1  1  1 -1 -1 -1  1  1 -1  1]
 [-1  1  1 -1 -1 -1  1  1 -1 -1 -1  1  1 -1 -1 -1]
 [-1  1  1 -1 -1 -1  1  1  1  1  1  1 -1 -1  1 -1]
 [-1 -1 -1 -1  1  1  1  1 -1  1  1  1  1 -1  1 -1]
 [-1 -1 -1 -1  1  1  1  1  1  1  1  1  1  1  1 -1]
 [-1 -1  1  1 -1  1  1  1 -1  1  1  1 -1  1 -1  1]
 [-1 -1  1 -1  1  1  1  1 -1 -1 -1 -1 -1  1 -1 -1]
 [-1 -1 -1 -1 -1 -1 -1 -1 -1 -1  1 -1 -1 -1 -1 -1]
 [ 1  1  1 -1 -1  1 -1 -1 -1 -1 -1 -1 -1  1 -1 -1]
 [ 1  1 -1 -1 -1  1 -1 -1 -1 -1  1  1 -1  1  1  1]
 [ 1  1 -1  1  1  1 -1 -1 -1 -1 -1  1  1  1  1  1]
 [-1 -1 -1  1  1  1 -1 -1 -1 -1 -1 -1 -1 -1  1  1]
 [-1 -1  1  1  1  1  1  1  1  1  1  1 -1 -1 -1 -1]]",-0.625,-0.015625
75,"[[-1 -1 -1 -1 -1 -1 -1 -1 -1  1 -1 -1 -1 -1 -1 -1]
 [ 1 -1 -1 -1 -1 -1 -1 -1 -1  1 -1 -1  1  1 -1 -1]
 [ 1 -1  1  1 -1  1  1  1 -1 -1 -1 -1 -1 -1 -1 -1]
 [-1 -1 -1 -1  1  1 -1 -1 -1 -1 -1 -1 -1  1  1 -1]
 [ 1 -1  1  1  1  1  1 -1 -1 -1 -1  1  1  1 -1  1]
 [-1 -1 -1  1  1  1  1 -1 -1  1 -1 -1 -1 -1 -1 -1]
 [ 1  1  1  1  1  1  1  1  1  1  1  1 -1 -1  1  1]
 [ 1 -1 -1  1 -1  1  1 -1 -1 -1 -1 -1 -1 -1  1  1]
 [-1 -1 -1  1  1  1  1 -1 -1 -1 -1 -1 -1 -1 -1 -1]
 [-1 -1  1  1  1  1  1 -1 -1  1 -1 -1 -1 -1 -1 -1]
 [-1 -1  1  1  1  1  1  1  1  1  1  1 -1 -1 -1 -1]
 [-1 -1  1  1  1  1  1  1 -1 -1  1  1  1 -1 -1 -1]
 [-1 -1  1  1  1  1  1 -1 -1  1  1  1 -1 -1 -1 -1]
 [-1 -1  1  1  1  1  1  1  1 -1  1  1 -1 -1 -1 -1]
 [-1 -1  1 -1 -1  1  1 -1  1 -1  1  1 -1 -1 -1 -1]
 [-1 -1  1 -1 -1  1 -1 -1  1  1 -1  1 -1 -1 -1 -1]]",-0.8125,-0.1640625
76,"[[-1 -1 -1 -1  1  1  1 -1  1  1  1 -1 -1 -1 -1 -1]
 [ 1  1 -1 -1 -1 -1  1 -1 -1  1  1 -1 -1 -1 -1 -1]
 [ 1  1  1  1  1 -1 -1 -1 -1  1  1 -1 -1 -1 -1 -1]
 [-1  1  1  1  1  1  1 -1 -1  1  1  1 -1 -1 -1 -1]
 [-1 -1  1  1  1 -1 -1 -1 -1 -1  1 -1 -1 -1 -1 -1]
 [-1  1  1  1  1 -1 -1 -1 -1 -1  1  1  1 -1  1 -1]
 [-1  1  1  1  1  1 -1 -1 -1 -1  1  1  1  1  1  1]
 [ 1  1  1  1  1  1  1  1  1  1  1  1  1 -1  1  1]
 [ 1 -1  1  1  1 -1 -1 -1 -1  1  1  1  1  1  1  1]
 [-1 -1 -1  1 -1 -1 -1 -1  1  1  1 -1  1  1 -1 -1]
 [-1  1 -1 -1 -1  1 -1  1 -1  1 -1 -1  1 -1 -1 -1]
 [ 1  1  1 -1 -1 -1  1  1 -1  1  1 -1 -1 -1 -1  1]
 [ 1 -1  1 -1 -1 -1 -1 -1  1 -1 -1 -1 -1 -1  1  1]
 [-1 -1 -1 -1 -1 -1 -1  1  1  1  1  1 -1  1  1  1]
 [-1 -1 -1 -1 -1  1  1  1  1  1  1  1 -1  1  1  1]
 [-1 -1 -1 -1 -1  1  1 -1  1  1  1  1 -1  1  1 -1]]",-0.75,-0.015625
77,"[[-1 -1  1 -1 -1 -1 -1 -1  1  1 -1 -1 -1 -1 -1 -1]
 [-1 -1  1  1 -1 -1  1  1  1  1  1 -1 -1 -1 -1  1]
 [-1 -1  1 -1 -1 -1 -1 -1  1  1  1  1 -1 -1 -1  1]
 [-1 -1 -1 -1  1 -1 -1 -1 -1 -1 -1  1 -1 -1 -1 -1]
 [-1 -1 -1 -1  1 -1 -1 -1 -1  1  1 -1 -1 -1 -1 -1]
 [-1 -1 -1 -1 -1 -1  1 -1 -1  1  1  1 -1  1  1 -1]
 [ 1 -1 -1 -1 -1 -1  1  1 -1 -1  1  1  1  1  1  1]
 [-1 -1 -1 -1 -1 -1  1  1 -1 -1 -1  1 -1 -1 -1  1]
 [-1  1  1  1  1  1  1  1 -1 -1 -1  1 -1 -1  1  1]
 [ 1  1  1 -1 -1  1 -1  1 -1  1  1 -1 -1 -1 -1  1]
 [ 1  1  1 -1 -1  1  1  1 -1 -1  1  1  1 -1 -1 -1]
 [-1  1  1  1  1  1  1  1  1 -1  1  1  1  1  1 -1]
 [ 1  1 -1 -1  1  1  1 -1  1  1  1  1 -1 -1 -1  1]
 [-1  1 -1 -1 -1 -1 -1 -1  1 -1 -1  1 -1 -1 -1 -1]
 [-1  1 -1 -1 -1 -1 -1  1  1 -1 -1  1  1  1  1 -1]
 [-1  1  1 -1 -1 -1 -1  1 -1 -1 -1 -1 -1  1  1 -1]]",-0.625,-0.171875
78,"[[-1 -1 -1 -1 -1 -1 -1 -1  1 -1 -1  1 -1 -1 -1 -1]
 [-1 -1 -1 -1 -1 -1 -1 -1 -1 -1 -1  1 -1  1 -1 -1]
 [-1 -1  1 -1 -1 -1 -1 -1 -1 -1 -1 -1 -1 -1 -1 -1]
 [-1 -1  1  1 -1  1 -1 -1 -1 -1 -1 -1  1  1  1 -1]
 [ 1  1  1  1 -1  1  1 -1 -1 -1  1  1  1  1  1  1]
 [ 1  1  1  1  1  1  1  1  1 -1  1  1  1  1  1  1]
 [-1 -1 -1  1  1  1  1  1  1  1 -1  1  1 -1 -1 -1]
 [-1 -1  1  1  1  1  1  1  1  1 -1 -1  1  1  1  1]
 [ 1  1  1  1  1  1  1 -1  1  1  1  1  1  1  1 -1]
 [ 1  1 -1  1  1  1  1 -1 -1 -1 -1 -1 -1  1  1 -1]
 [-1 -1 -1 -1  1 -1 -1 -1 -1 -1 -1 -1 -1 -1 -1 -1]
 [ 1  1  1  1 -1 -1 -1 -1 -1 -1 -1 -1  1 -1 -1 -1]
 [ 1  1 -1  1  1  1 -1 -1 -1 -1  1 -1  1 -1 -1  1]
 [ 1 -1 -1  1  1 -1  1 -1  1  1 -1 -1 -1 -1 -1  1]
 [-1 -1 -1 -1 -1  1  1  1  1 -1 -1 -1 -1 -1 -1  1]
 [ 1  1 -1 -1 -1 -1  1  1  1 -1 -1 -1 -1 -1 -1  1]]",-0.796875,-0.1171875
79,"[[-1 -1 -1 -1 -1 -1  1  1 -1  1  1  1  1  1 -1 -1]
 [-1  1  1  1 -1 -1  1  1 -1 -1  1  1 -1 -1 -1 -1]
 [-1 -1  1  1  1 -1 -1 -1  1 -1 -1 -1 -1 -1 -1 -1]
 [-1 -1  1 -1  1  1 -1 -1  1  1  1  1 -1 -1 -1 -1]
 [ 1 -1  1 -1  1  1  1 -1 -1  1  1 -1 -1 -1 -1  1]
 [-1 -1 -1 -1  1 -1  1  1 -1 -1 -1 -1 -1 -1 -1 -1]
 [-1 -1  1  1 -1  1 -1 -1 -1 -1 -1 -1 -1 -1 -1 -1]
 [ 1 -1  1  1 -1  1 -1 -1 -1  1  1 -1 -1  1  1  1]
 [ 1 -1  1  1  1  1  1 -1 -1 -1 -1 -1 -1 -1 -1 -1]
 [ 1 -1  1  1  1  1 -1 -1 -1 -1 -1 -1  1 -1 -1  1]
 [-1 -1 -1  1  1  1  1 -1 -1 -1 -1 -1 -1 -1 -1 -1]
 [-1 -1 -1  1 -1 -1  1 -1 -1 -1 -1 -1 -1 -1 -1 -1]
 [ 1  1  1 -1 -1 -1 -1 -1  1 -1 -1 -1 -1 -1  1  1]
 [-1  1 -1 -1 -1 -1 -1  1  1 -1 -1 -1 -1 -1 -1 -1]
 [ 1 -1 -1 -1 -1 -1 -1  1 -1 -1 -1  1 -1  1  1 -1]
 [-1 -1 -1 -1 -1  1 -1 -1  1 -1 -1  1 -1  1  1 -1]]",-0.640625,-0.328125
80,"[[-1 -1 -1 -1 -1 -1  1 -1  1 -1  1 -1  1  1 -1 -1]
 [-1 -1 -1  1  1  1  1 -1  1  1 -1  1  1  1 -1 -1]
 [-1 -1  1 -1 -1 -1 -1 -1  1  1  1  1  1  1 -1 -1]
 [-1 -1 -1 -1  1 -1 -1 -1 -1  1  1  1  1 -1 -1  1]
 [-1 -1 -1 -1 -1 -1 -1  1  1 -1 -1 -1  1 -1 -1  1]
 [-1  1 -1 -1 -1 -1 -1  1 -1 -1 -1 -1 -1 -1 -1 -1]
 [ 1  1 -1  1  1 -1 -1  1  1 -1 -1  1 -1 -1 -1 -1]
 [ 1  1  1  1  1 -1 -1 -1 -1  1  1  1  1  1  1 -1]
 [-1 -1  1  1  1  1 -1 -1 -1  1  1  1 -1  1  1 -1]
 [-1 -1  1  1  1  1  1  1 -1  1  1  1 -1  1  1 -1]
 [-1  1  1  1  1 -1  1  1  1  1  1 -1 -1  1  1  1]
 [ 1  1  1  1 -1 -1  1  1  1  1  1 -1 -1 -1  1  1]
 [-1 -1 -1 -1  1  1  1  1 -1  1 -1 -1 -1 -1 -1 -1]
 [ 1 -1 -1  1  1 -1 -1 -1  1  1 -1 -1 -1  1 -1  1]
 [-1  1 -1  1 -1  1 -1 -1 -1 -1 -1 -1  1  1  1 -1]
 [ 1  1  1  1 -1 -1 -1 -1  1  1  1 -1  1  1 -1  1]]",-0.515625,-0.046875
81,"[[-1 -1  1 -1 -1 -1 -1  1  1 -1 -1 -1 -1 -1  1  1]
 [-1 -1 -1 -1  1  1  1 -1  1  1 -1 -1 -1  1  1 -1]
 [ 1 -1 -1  1  1  1 -1  1  1  1  1  1  1  1  1  1]
 [-1  1  1 -1 -1 -1 -1  1 -1  1  1  1  1  1  1  1]
 [-1  1  1 -1 -1 -1 -1  1  1  1  1  1  1  1  1  1]
 [ 1  1  1 -1 -1 -1  1  1  1  1  1  1  1  1 -1 -1]
 [-1 -1 -1  1  1 -1  1  1  1  1  1 -1  1  1  1 -1]
 [ 1 -1 -1  1 -1 -1  1  1 -1 -1  1 -1 -1  1 -1  1]
 [-1  1  1 -1 -1 -1 -1 -1 -1 -1  1 -1 -1 -1 -1 -1]
 [ 1  1  1 -1 -1 -1 -1 -1 -1 -1 -1 -1 -1 -1 -1 -1]
 [ 1  1  1 -1 -1 -1  1  1 -1  1 -1 -1 -1 -1 -1 -1]
 [-1 -1  1 -1 -1 -1 -1 -1  1  1 -1 -1 -1  1  1  1]
 [ 1  1  1  1 -1 -1  1  1  1  1 -1 -1 -1 -1 -1 -1]
 [-1  1 -1 -1 -1  1  1  1 -1  1  1 -1 -1 -1 -1  1]
 [-1 -1 -1 -1  1  1 -1  1  1  1  1 -1 -1 -1  1 -1]
 [ 1 -1 -1 -1 -1 -1  1  1 -1  1  1 -1 -1  1  1  1]]",-0.546875,-0.046875
82,"[[ 1 -1 -1  1  1  1  1  1  1  1  1  1  1  1  1  1]
 [-1  1  1  1  1 -1 -1 -1 -1  1  1  1  1  1 -1 -1]
 [ 1  1 -1  1 -1 -1  1  1 -1  1  1  1  1  1 -1 -1]
 [ 1  1 -1 -1 -1 -1  1  1 -1  1 -1  1  1  1 -1 -1]
 [ 1  1 -1 -1 -1 -1  1 -1 -1 -1  1  1  1  1  1  1]
 [ 1 -1  1  1  1  1 -1  1 -1 -1  1  1  1  1  1  1]
 [ 1 -1  1  1  1  1 -1 -1 -1 -1 -1  1  1 -1  1  1]
 [-1  1  1  1  1  1  1 -1 -1 -1 -1  1  1  1  1  1]
 [-1  1  1 -1  1  1  1 -1 -1 -1 -1  1  1 -1 -1 -1]
 [-1  1  1  1 -1  1  1  1 -1  1  1  1 -1 -1  1 -1]
 [-1 -1  1 -1  1  1  1  1  1 -1 -1 -1 -1 -1 -1 -1]
 [-1 -1  1  1  1  1 -1 -1 -1 -1 -1 -1 -1 -1 -1 -1]
 [-1  1  1  1  1  1 -1 -1 -1 -1 -1 -1 -1 -1 -1 -1]
 [-1 -1 -1  1  1  1  1  1  1 -1  1  1 -1 -1 -1 -1]
 [ 1 -1 -1  1 -1 -1  1  1  1  1  1 -1  1  1 -1  1]
 [ 1  1 -1 -1  1 -1 -1  1  1  1  1 -1 -1  1  1  1]]",-0.6875,0.109375
83,"[[ 1  1  1 -1 -1  1 -1  1  1  1  1 -1 -1  1  1 -1]
 [ 1  1 -1 -1  1  1  1 -1  1  1  1 -1 -1 -1 -1 -1]
 [-1  1  1 -1  1  1  1 -1  1  1  1  1 -1 -1 -1 -1]
 [-1 -1 -1 -1  1  1  1  1  1  1  1  1  1 -1 -1 -1]
 [-1 -1 -1 -1  1  1  1  1  1 -1  1  1 -1 -1 -1 -1]
 [-1 -1  1  1  1  1 -1 -1 -1  1  1  1 -1 -1  1 -1]
 [-1 -1 -1  1  1  1  1 -1 -1  1  1 -1  1 -1  1 -1]
 [-1 -1 -1 -1  1  1  1  1  1  1  1  1  1 -1 -1 -1]
 [-1 -1 -1 -1 -1  1  1  1  1  1 -1  1 -1 -1  1 -1]
 [ 1  1  1 -1 -1 -1 -1  1  1  1 -1  1  1  1  1 -1]
 [ 1  1  1  1  1 -1 -1 -1  1  1  1  1  1  1 -1 -1]
 [ 1  1 -1  1  1  1  1 -1  1  1  1  1 -1  1 -1  1]
 [ 1  1 -1  1  1  1  1  1  1 -1  1  1 -1 -1 -1  1]
 [ 1  1 -1 -1  1  1  1  1  1 -1  1  1 -1 -1 -1 -1]
 [ 1  1  1  1  1  1  1  1  1 -1  1 -1 -1 -1  1 -1]
 [ 1  1  1 -1 -1 -1 -1  1  1 -1  1  1  1  1  1  1]]",-0.734375,0.171875
84,"[[-1 -1 -1  1  1 -1 -1  1  1 -1  1 -1  1  1  1  1]
 [ 1 -1 -1 -1 -1  1  1  1 -1 -1 -1  1 -1  1  1  1]
 [ 1 -1 -1  1 -1 -1 -1 -1 -1 -1 -1 -1 -1  1 -1  1]
 [ 1  1 -1 -1  1 -1 -1 -1 -1  1  1 -1 -1  1  1  1]
 [ 1  1  1 -1 -1 -1 -1 -1 -1  1  1 -1  1  1  1  1]
 [ 1  1  1  1  1 -1 -1  1 -1 -1  1  1  1  1  1  1]
 [ 1  1  1  1  1 -1 -1  1  1  1  1  1  1  1  1  1]
 [ 1  1  1 -1 -1 -1 -1  1 -1 -1  1  1  1  1  1 -1]
 [-1  1 -1 -1 -1 -1  1  1  1  1  1  1  1  1  1 -1]
 [-1 -1 -1  1  1  1  1  1  1  1  1  1  1  1 -1 -1]
 [-1 -1 -1 -1 -1 -1  1  1  1  1  1  1  1  1  1 -1]
 [-1 -1  1  1 -1 -1 -1  1  1  1  1  1  1  1  1  1]
 [-1  1  1 -1  1 -1 -1 -1 -1 -1 -1  1  1  1  1  1]
 [-1  1  1 -1 -1  1 -1  1 -1  1 -1 -1  1  1  1  1]
 [-1 -1  1  1  1  1  1 -1 -1 -1  1  1  1 -1  1 -1]
 [-1 -1 -1  1  1 -1 -1  1  1 -1  1  1  1  1  1  1]]",-0.703125,0.171875
85,"[[-1 -1  1  1 -1  1 -1  1  1 -1  1  1  1  1  1  1]
 [ 1 -1 -1  1  1  1 -1 -1  1 -1  1  1  1  1  1 -1]
 [ 1  1  1  1  1 -1 -1  1 -1 -1 -1  1  1  1  1 -1]
 [-1  1 -1 -1 -1 -1 -1 -1 -1 -1 -1  1 -1 -1  1 -1]
 [-1  1  1  1  1  1 -1 -1 -1 -1  1 -1  1  1  1 -1]
 [-1 -1  1  1  1  1  1  1  1 -1 -1 -1 -1  1  1  1]
 [-1 -1 -1  1 -1 -1  1  1  1 -1 -1 -1 -1 -1  1  1]
 [-1  1 -1  1 -1 -1 -1 -1 -1 -1 -1 -1 -1 -1 -1  1]
 [ 1 -1 -1 -1 -1 -1 -1  1  1  1  1 -1 -1 -1 -1  1]
 [ 1 -1 -1 -1 -1 -1  1  1  1  1  1 -1 -1 -1 -1 -1]
 [-1 -1 -1 -1 -1 -1  1 -1  1  1  1 -1 -1 -1 -1 -1]
 [-1 -1  1 -1 -1 -1 -1 -1  1  1  1 -1  1 -1 -1 -1]
 [-1 -1  1  1 -1 -1 -1  1  1  1  1 -1 -1 -1 -1 -1]
 [-1  1  1  1 -1 -1 -1 -1  1  1 -1 -1 -1 -1 -1 -1]
 [-1 -1 -1 -1 -1 -1 -1  1  1 -1 -1  1  1 -1  1  1]
 [-1 -1  1 -1 -1 -1  1  1  1 -1  1  1  1  1  1  1]]",-0.703125,-0.140625
86,"[[-1  1  1  1 -1 -1  1 -1  1 -1 -1 -1  1  1  1  1]
 [-1  1  1 -1 -1 -1 -1 -1  1  1 -1  1  1  1 -1  1]
 [-1 -1 -1 -1 -1 -1 -1  1  1  1  1  1  1 -1 -1 -1]
 [-1  1  1 -1 -1 -1 -1  1  1 -1 -1 -1  1 -1  1 -1]
 [-1 -1 -1 -1 -1 -1 -1 -1  1 -1 -1 -1  1  1 -1 -1]
 [-1  1 -1 -1 -1 -1 -1 -1  1  1 -1 -1  1  1 -1 -1]
 [ 1 -1 -1 -1 -1 -1 -1 -1 -1 -1 -1 -1 -1 -1 -1 -1]
 [ 1 -1 -1 -1 -1 -1 -1  1  1  1 -1 -1 -1 -1  1  1]
 [ 1 -1 -1 -1 -1 -1 -1  1  1  1 -1 -1 -1  1 -1 -1]
 [ 1 -1  1 -1  1  1  1  1 -1 -1 -1 -1 -1 -1 -1 -1]
 [-1  1  1 -1  1 -1  1 -1 -1 -1 -1 -1 -1 -1 -1 -1]
 [-1 -1 -1 -1 -1 -1  1  1 -1 -1  1 -1 -1  1  1 -1]
 [-1 -1 -1 -1 -1 -1 -1 -1 -1 -1 -1 -1  1  1  1 -1]
 [ 1  1 -1 -1 -1  1  1 -1  1  1  1  1  1  1  1  1]
 [ 1 -1  1  1 -1 -1  1 -1 -1 -1 -1  1 -1 -1  1  1]
 [ 1 -1  1  1  1 -1 -1 -1 -1 -1 -1 -1 -1  1  1  1]]",-0.65625,-0.2734375
87,"[[-1 -1  1  1  1  1  1  1 -1 -1 -1 -1 -1 -1 -1 -1]
 [-1 -1  1 -1 -1  1  1 -1 -1 -1  1  1  1  1  1 -1]
 [ 1 -1  1 -1 -1 -1 -1 -1 -1 -1  1  1  1  1  1  1]
 [ 1  1  1  1 -1  1 -1  1  1  1  1  1  1  1  1 -1]
 [ 1  1  1  1 -1 -1  1  1 -1  1  1 -1 -1  1 -1  1]
 [ 1  1  1 -1 -1 -1 -1  1  1 -1 -1  1 -1  1 -1 -1]
 [ 1  1  1  1  1  1  1 -1 -1  1 -1 -1 -1  1 -1  1]
 [ 1  1 -1  1 -1  1  1 -1  1 -1 -1 -1 -1 -1 -1  1]
 [ 1  1 -1 -1 -1 -1 -1  1  1  1  1 -1 -1 -1 -1  1]
 [ 1 -1  1 -1 -1  1 -1  1  1 -1  1  1 -1 -1  1  1]
 [ 1  1  1 -1 -1 -1 -1 -1 -1 -1  1  1 -1 -1 -1 -1]
 [ 1  1  1 -1 -1  1 -1 -1 -1 -1  1  1  1  1  1  1]
 [ 1 -1  1 -1 -1  1  1  1 -1 -1 -1 -1  1  1 -1 -1]
 [ 1  1 -1  1  1  1  1  1  1 -1 -1  1 -1 -1 -1 -1]
 [-1  1 -1  1  1  1  1 -1  1 -1 -1 -1 -1  1 -1 -1]
 [-1  1  1  1  1  1  1  1  1 -1 -1 -1 -1 -1 -1 -1]]",-0.53125,0.0234375
88,"[[ 1  1  1  1 -1 -1 -1  1  1 -1  1  1  1  1  1  1]
 [ 1  1  1  1  1  1  1  1 -1 -1 -1  1  1  1  1  1]
 [-1  1  1 -1  1  1  1  1  1  1 -1 -1  1 -1  1  1]
 [ 1  1  1 -1 -1 -1  1  1 -1 -1 -1 -1  1  1  1  1]
 [-1  1  1 -1  1  1 -1 -1 -1 -1 -1 -1 -1  1 -1 -1]
 [ 1  1  1  1  1  1 -1 -1 -1 -1 -1 -1  1 -1  1 -1]
 [ 1  1 -1  1 -1  1 -1  1  1 -1  1 -1  1  1  1  1]
 [ 1 -1  1  1  1  1  1  1  1 -1 -1  1  1  1  1  1]
 [ 1 -1 -1  1  1  1  1 -1 -1 -1  1  1  1  1  1  1]
 [ 1  1  1  1  1  1 -1 -1 -1  1  1  1  1  1  1  1]
 [ 1  1  1  1 -1 -1  1 -1 -1 -1 -1 -1  1  1  1  1]
 [ 1  1  1 -1 -1 -1  1 -1 -1  1 -1 -1 -1  1  1  1]
 [-1 -1 -1 -1 -1  1  1 -1  1  1  1  1  1  1  1  1]
 [ 1 -1 -1 -1 -1 -1 -1 -1 -1 -1 -1  1  1 -1 -1 -1]
 [ 1  1  1 -1 -1 -1  1 -1  1 -1 -1 -1 -1 -1  1  1]
 [ 1  1  1 -1 -1 -1  1 -1  1  1  1  1  1 -1  1  1]]",-0.640625,0.203125
89,"[[ 1  1  1 -1 -1 -1 -1 -1  1  1  1 -1  1 -1  1  1]
 [-1  1  1  1 -1 -1 -1 -1 -1 -1 -1  1  1  1  1  1]
 [-1 -1  1  1  1 -1 -1 -1 -1 -1  1  1  1 -1  1  1]
 [-1 -1 -1 -1  1  1  1  1  1  1  1  1  1  1  1  1]
 [-1 -1 -1  1  1  1 -1 -1  1  1  1  1  1 -1  1  1]
 [-1  1 -1 -1  1  1  1 -1 -1  1 -1 -1 -1 -1 -1 -1]
 [ 1  1 -1 -1 -1 -1 -1 -1 -1  1 -1 -1 -1 -1 -1 -1]
 [-1 -1 -1  1 -1 -1 -1 -1 -1  1  1 -1 -1 -1 -1  1]
 [-1 -1 -1  1  1 -1 -1 -1 -1  1  1 -1 -1 -1  1 -1]
 [-1 -1 -1 -1  1 -1 -1 -1 -1  1  1 -1 -1 -1 -1 -1]
 [ 1  1 -1 -1  1  1  1  1  1  1  1  1  1 -1  1  1]
 [ 1  1 -1 -1  1  1 -1  1 -1  1  1  1 -1  1  1 -1]
 [ 1  1  1  1  1  1 -1  1 -1  1  1  1  1  1  1  1]
 [ 1  1 -1 -1 -1  1  1  1 -1  1 -1 -1  1  1  1  1]
 [ 1  1  1 -1 -1  1  1  1 -1  1  1 -1  1  1  1  1]
 [ 1 -1  1 -1 -1 -1  1  1  1  1  1  1  1  1  1  1]]",-0.703125,0.078125
90,"[[-1  1 -1 -1 -1  1  1  1 -1  1  1  1 -1 -1  1 -1]
 [-1 -1 -1 -1 -1  1  1 -1 -1  1  1  1  1  1 -1 -1]
 [-1  1 -1 -1 -1 -1 -1 -1 -1 -1  1  1  1  1 -1  1]
 [-1  1 -1 -1 -1 -1 -1 -1 -1 -1  1  1  1 -1 -1 -1]
 [ 1 -1 -1 -1 -1  1 -1  1  1 -1 -1 -1  1  1 -1  1]
 [ 1 -1  1  1 -1 -1 -1  1  1 -1 -1 -1 -1  1  1 -1]
 [ 1 -1 -1 -1 -1  1  1  1 -1 -1 -1 -1 -1  1 -1  1]
 [-1 -1 -1  1  1  1  1  1 -1 -1 -1 -1 -1  1  1  1]
 [-1 -1 -1  1  1  1  1 -1 -1 -1 -1 -1 -1  1 -1 -1]
 [-1 -1  1  1  1  1  1  1 -1 -1 -1  1 -1  1  1  1]
 [ 1 -1 -1 -1 -1 -1  1  1 -1 -1 -1  1 -1  1  1  1]
 [ 1  1  1  1 -1 -1  1 -1 -1 -1 -1  1  1  1 -1  1]
 [ 1 -1 -1 -1 -1 -1  1 -1  1 -1  1  1  1 -1 -1 -1]
 [ 1  1  1 -1 -1 -1  1  1  1  1  1  1  1  1 -1  1]
 [ 1  1  1 -1 -1 -1  1  1 -1  1  1  1  1  1 -1 -1]
 [-1  1 -1 -1  1  1  1  1 -1  1  1  1  1  1  1 -1]]",-0.640625,-0.0390625
91,"[[ 1  1  1  1  1  1  1  1 -1 -1  1  1  1 -1  1 -1]
 [ 1  1  1 -1  1  1  1 -1 -1 -1 -1  1  1  1 -1 -1]
 [ 1 -1 -1 -1 -1 -1 -1 -1  1  1  1  1  1  1  1 -1]
 [ 1 -1 -1 -1 -1 -1 -1 -1  1 -1 -1 -1 -1 -1 -1 -1]
 [-1 -1 -1 -1 -1 -1  1 -1  1 -1 -1 -1 -1 -1 -1 -1]
 [-1 -1  1  1 -1 -1  1  1  1  1  1  1 -1 -1  1 -1]
 [-1 -1 -1 -1 -1 -1  1  1  1  1  1 -1 -1  1 -1 -1]
 [-1 -1 -1 -1 -1 -1  1  1 -1  1 -1 -1 -1 -1 -1 -1]
 [-1 -1 -1 -1 -1  1  1 -1 -1 -1 -1  1 -1 -1 -1 -1]
 [-1  1  1  1  1 -1 -1 -1 -1 -1 -1 -1 -1 -1 -1  1]
 [-1  1  1 -1  1  1  1 -1  1 -1 -1 -1 -1 -1  1 -1]
 [-1  1  1  1  1  1  1  1 -1 -1 -1 -1 -1  1  1  1]
 [ 1  1  1  1  1 -1 -1 -1 -1 -1 -1  1  1 -1  1  1]
 [ 1  1  1  1  1  1  1  1  1 -1 -1  1 -1 -1  1  1]
 [ 1  1  1  1  1  1 -1  1  1  1  1 -1  1 -1  1 -1]
 [ 1  1  1  1  1  1  1 -1 -1 -1  1  1  1 -1  1 -1]]",-0.71875,-0.0625
92,"[[-1 -1 -1 -1  1 -1  1  1  1 -1 -1  1  1 -1 -1 -1]
 [ 1 -1  1  1  1 -1  1  1  1  1 -1 -1  1  1 -1  1]
 [-1 -1 -1  1 -1 -1 -1  1  1  1  1 -1  1  1  1  1]
 [ 1 -1  1 -1 -1 -1 -1  1  1  1  1 -1 -1  1  1  1]
 [ 1  1 -1 -1 -1 -1  1  1  1  1  1  1  1 -1 -1  1]
 [ 1  1 -1  1 -1 -1  1  1  1  1  1  1  1 -1 -1 -1]
 [ 1  1 -1  1  1 -1 -1  1 -1 -1  1  1 -1 -1 -1 -1]
 [ 1  1 -1  1 -1  1  1  1  1 -1 -1 -1 -1 -1 -1 -1]
 [-1 -1  1  1  1 -1 -1 -1  1 -1 -1 -1  1 -1 -1 -1]
 [-1 -1  1 -1  1  1  1 -1 -1  1 -1 -1  1 -1 -1 -1]
 [ 1 -1  1  1  1  1  1  1 -1 -1  1 -1  1 -1 -1  1]
 [-1  1  1  1  1  1  1  1 -1 -1  1  1 -1  1 -1 -1]
 [-1 -1  1  1  1  1  1  1 -1 -1 -1 -1 -1 -1  1  1]
 [ 1  1  1 -1 -1 -1  1 -1 -1  1  1  1  1  1  1  1]
 [ 1  1  1 -1 -1  1  1  1  1  1  1  1  1  1 -1  1]
 [ 1  1  1 -1 -1 -1  1  1  1  1  1  1  1 -1 -1  1]]",-0.546875,0.1171875
93,"[[-1  1 -1  1 -1  1  1  1  1  1  1  1  1  1 -1 -1]
 [-1  1  1  1  1  1  1  1  1 -1  1  1 -1  1  1 -1]
 [-1  1  1  1  1  1  1 -1  1  1  1  1 -1 -1 -1  1]
 [-1  1 -1  1  1 -1 -1 -1  1 -1  1  1  1  1  1 -1]
 [-1 -1  1  1  1 -1 -1 -1 -1  1  1 -1  1  1 -1  1]
 [-1 -1  1  1 -1 -1 -1 -1  1  1  1 -1  1  1 -1 -1]
 [-1 -1  1  1 -1 -1 -1  1  1 -1 -1 -1  1  1 -1 -1]
 [ 1 -1  1  1 -1 -1  1  1 -1  1 -1 -1 -1 -1 -1 -1]
 [-1 -1  1  1 -1 -1 -1 -1 -1  1 -1 -1  1 -1 -1 -1]
 [ 1  1  1 -1 -1 -1 -1  1  1  1 -1 -1  1  1  1  1]
 [ 1  1  1  1  1  1 -1  1  1 -1 -1  1  1  1  1  1]
 [-1 -1  1  1  1  1  1  1 -1 -1  1  1  1  1  1 -1]
 [-1 -1 -1  1  1  1  1 -1 -1 -1  1  1  1  1  1  1]
 [ 1  1  1  1  1  1  1 -1 -1 -1 -1  1  1  1  1  1]
 [-1 -1 -1 -1 -1  1  1 -1 -1 -1  1 -1  1  1  1 -1]
 [-1 -1 -1  1 -1  1 -1  1  1  1 -1  1  1  1  1 -1]]",-0.609375,0.1328125
94,"[[-1 -1 -1 -1 -1  1 -1 -1 -1 -1 -1 -1  1 -1 -1 -1]
 [-1 -1 -1 -1 -1 -1 -1 -1 -1 -1  1  1  1 -1  1 -1]
 [-1 -1 -1 -1 -1 -1 -1 -1 -1 -1 -1 -1  1  1  1 -1]
 [ 1  1  1 -1 -1 -1 -1 -1 -1 -1 -1 -1  1  1  1 -1]
 [ 1  1  1 -1  1  1 -1 -1  1 -1 -1  1  1  1 -1  1]
 [-1 -1 -1 -1 -1  1  1 -1  1 -1 -1 -1 -1  1  1  1]
 [-1 -1 -1  1 -1 -1  1 -1  1  1 -1 -1 -1 -1 -1 -1]
 [-1 -1 -1  1 -1 -1  1  1  1  1 -1 -1 -1 -1 -1 -1]
 [-1 -1  1 -1 -1 -1  1  1  1  1 -1 -1 -1 -1 -1 -1]
 [-1 -1 -1 -1 -1 -1  1  1 -1  1  1 -1 -1 -1 -1 -1]
 [-1 -1 -1 -1  1 -1 -1 -1 -1  1  1 -1 -1 -1 -1 -1]
 [-1 -1 -1 -1 -1 -1  1  1  1 -1  1  1  1  1 -1 -1]
 [ 1  1 -1 -1 -1 -1  1  1  1 -1  1 -1  1  1 -1  1]
 [ 1  1  1 -1 -1 -1  1  1 -1 -1  1 -1 -1 -1 -1  1]
 [-1 -1  1 -1 -1 -1 -1  1  1 -1  1 -1 -1 -1  1  1]
 [-1 -1  1  1 -1  1  1 -1 -1 -1 -1 -1 -1 -1  1 -1]]",-0.796875,-0.328125
95,"[[ 1  1  1 -1 -1  1 -1  1  1  1  1  1  1 -1 -1 -1]
 [ 1  1  1 -1 -1 -1 -1  1  1  1  1 -1  1  1  1  1]
 [ 1  1  1  1  1  1  1  1  1  1  1  1  1  1  1  1]
 [-1 -1  1  1  1  1 -1 -1  1  1  1  1  1  1  1  1]
 [ 1  1  1  1  1  1  1  1  1 -1 -1  1  1  1  1  1]
 [ 1 -1 -1 -1 -1  1  1  1  1  1  1  1  1  1  1  1]
 [ 1 -1 -1 -1 -1 -1  1  1  1  1 -1 -1  1 -1  1  1]
 [ 1 -1 -1 -1 -1 -1 -1 -1  1  1  1  1  1 -1  1  1]
 [ 1  1 -1 -1 -1 -1 -1  1  1 -1 -1  1  1 -1  1  1]
 [ 1 -1 -1 -1 -1  1  1  1  1  1  1  1  1  1 -1 -1]
 [ 1 -1 -1  1 -1 -1  1  1  1  1  1  1  1  1 -1 -1]
 [ 1  1  1  1  1  1  1  1  1  1  1  1 -1 -1 -1  1]
 [-1  1  1  1  1 -1  1  1  1  1  1  1 -1 -1 -1 -1]
 [-1  1 -1 -1 -1 -1  1 -1 -1  1  1  1 -1 -1 -1 -1]
 [ 1  1 -1  1 -1 -1  1  1 -1  1  1  1  1 -1 -1  1]
 [ 1  1  1 -1  1  1  1 -1  1  1  1 -1 -1 -1 -1  1]]",-0.8125,0.3046875
96,"[[ 1  1  1  1  1  1 -1  1  1  1  1  1  1 -1 -1 -1]
 [ 1 -1 -1  1  1  1  1 -1  1  1  1 -1  1  1 -1 -1]
 [ 1  1 -1 -1 -1 -1  1  1  1  1 -1 -1 -1  1 -1 -1]
 [-1 -1  1  1  1  1 -1 -1 -1 -1 -1 -1 -1  1 -1 -1]
 [-1  1  1  1 -1 -1 -1 -1 -1 -1  1 -1 -1 -1 -1 -1]
 [-1  1 -1  1 -1 -1 -1 -1 -1 -1 -1 -1 -1  1 -1 -1]
 [-1  1  1  1 -1 -1 -1  1  1  1  1  1  1  1  1 -1]
 [-1 -1  1  1  1  1  1  1  1  1  1  1  1  1  1 -1]
 [ 1 -1 -1 -1  1  1  1  1  1  1  1 -1 -1  1  1  1]
 [ 1 -1  1 -1 -1  1  1 -1 -1 -1 -1 -1 -1 -1  1 -1]
 [ 1  1  1  1 -1 -1 -1  1  1 -1 -1 -1  1  1  1  1]
 [ 1  1  1 -1  1  1 -1 -1 -1 -1 -1  1  1  1  1  1]
 [ 1  1  1 -1 -1  1  1  1  1  1  1  1  1  1  1  1]
 [-1  1  1 -1 -1 -1  1  1  1 -1  1  1  1  1 -1  1]
 [ 1  1  1 -1 -1  1  1  1  1 -1  1  1 -1 -1 -1 -1]
 [ 1  1  1  1  1  1 -1  1 -1  1  1  1 -1 -1 -1 -1]]",-0.640625,0.125
97,"[[ 1  1 -1 -1  1  1 -1 -1 -1 -1  1  1  1  1 -1  1]
 [ 1 -1 -1 -1  1 -1  1 -1 -1 -1  1  1  1  1 -1  1]
 [-1 -1 -1 -1 -1  1 -1 -1 -1 -1 -1 -1 -1  1  1  1]
 [-1 -1 -1 -1 -1 -1  1  1  1 -1 -1 -1  1  1 -1  1]
 [-1 -1 -1  1 -1 -1 -1 -1  1  1  1 -1 -1  1 -1 -1]
 [-1 -1 -1  1  1 -1 -1 -1 -1 -1  1  1 -1  1 -1 -1]
 [-1 -1 -1 -1 -1 -1 -1 -1  1 -1  1  1  1  1 -1 -1]
 [-1 -1 -1 -1  1  1  1  1  1  1 -1 -1  1 -1 -1  1]
 [-1 -1 -1 -1  1  1  1  1  1 -1 -1 -1 -1 -1 -1 -1]
 [-1 -1 -1 -1  1 -1  1 -1 -1  1 -1  1  1  1 -1 -1]
 [-1  1  1  1  1  1  1  1 -1  1  1  1  1  1  1 -1]
 [-1 -1 -1  1  1  1  1  1  1 -1  1  1  1 -1 -1 -1]
 [ 1 -1 -1  1 -1  1 -1 -1  1  1 -1  1  1 -1  1  1]
 [-1  1  1  1  1 -1 -1  1  1  1 -1  1 -1  1  1 -1]
 [ 1 -1 -1  1  1  1  1  1  1  1  1  1  1  1  1 -1]
 [ 1 -1  1  1 -1  1 -1 -1 -1  1  1  1  1  1 -1 -1]]",-0.484375,-0.03125
98,"[[ 1  1  1  1  1  1  1  1  1 -1 -1 -1  1  1  1  1]
 [-1  1  1  1  1  1  1  1  1  1 -1 -1  1 -1 -1  1]
 [ 1  1  1  1  1 -1 -1 -1 -1  1  1 -1  1 -1 -1  1]
 [ 1 -1  1 -1  1 -1 -1 -1  1 -1  1  1  1 -1 -1 -1]
 [ 1 -1 -1  1  1  1 -1 -1  1 -1  1  1  1  1 -1 -1]
 [ 1  1 -1 -1 -1 -1 -1 -1 -1 -1  1  1  1  1  1 -1]
 [ 1  1 -1 -1 -1 -1 -1 -1 -1  1  1  1  1  1  1 -1]
 [ 1  1  1  1  1  1  1 -1  1  1  1  1  1  1  1 -1]
 [ 1  1  1  1  1  1  1 -1 -1  1  1  1 -1  1  1  1]
 [ 1  1 -1  1  1  1 -1 -1 -1  1  1 -1 -1 -1  1  1]
 [ 1  1  1  1  1  1  1 -1 -1  1  1 -1 -1  1  1  1]
 [ 1  1 -1 -1  1  1 -1 -1  1 -1 -1 -1  1  1  1  1]
 [ 1  1 -1  1  1  1 -1 -1 -1  1 -1  1  1  1  1  1]
 [ 1  1 -1  1  1  1  1 -1  1  1 -1 -1  1  1  1  1]
 [-1  1  1  1  1 -1  1  1  1  1  1 -1 -1 -1  1  1]
 [ 1  1  1  1  1  1  1  1  1  1  1 -1  1  1  1  1]]",-0.796875,0.328125
99,"[[-1 -1 -1  1  1  1  1  1 -1 -1  1  1  1  1  1  1]
 [-1 -1 -1  1 -1 -1 -1  1 -1 -1 -1 -1 -1 -1  1  1]
 [-1 -1 -1  1  1  1  1 -1 -1  1 -1  1  1  1  1  1]
 [ 1 -1 -1 -1  1  1  1  1  1  1 -1  1  1  1  1  1]
 [ 1 -1 -1 -1  1  1  1  1 -1 -1  1  1 -1  1  1 -1]
 [ 1 -1  1  1  1  1  1  1 -1 -1  1  1 -1 -1 -1 -1]
 [ 1 -1 -1  1 -1  1  1  1 -1  1  1  1  1 -1  1 -1]
 [ 1  1 -1  1  1  1  1  1  1 -1  1  1  1 -1  1  1]
 [-1 -1 -1  1  1  1  1  1  1  1  1  1  1  1  1 -1]
 [-1 -1 -1 -1  1  1  1 -1  1  1  1  1  1  1  1 -1]
 [-1 -1  1 -1 -1  1  1  1  1  1  1  1  1  1  1 -1]
 [ 1  1  1 -1 -1  1  1 -1  1  1  1  1  1  1  1  1]
 [-1 -1 -1 -1 -1 -1 -1 -1  1  1  1  1  1  1  1 -1]
 [-1 -1 -1 -1 -1 -1 -1  1  1  1  1  1  1  1  1 -1]
 [-1 -1 -1  1  1  1  1  1 -1  1  1  1 -1 -1  1  1]
 [-1 -1 -1  1  1  1  1  1  1  1  1  1  1  1  1  1]]",-0.84375,0.265625
