,config,energy,magnetization,coupling_time
0,"[[ 1. -1. -1. -1. -1. -1.  1. -1. -1. -1. -1. -1. -1. -1.]
 [-1. -1. -1. -1. -1. -1.  1.  1.  1.  1.  1. -1. -1. -1.]
 [-1. -1. -1. -1.  1. -1.  1.  1.  1.  1.  1. -1.  1. -1.]
 [-1. -1. -1. -1. -1. -1.  1.  1.  1.  1. -1. -1.  1. -1.]
 [-1. -1. -1. -1. -1.  1.  1.  1.  1.  1.  1.  1.  1. -1.]
 [-1. -1.  1. -1. -1.  1.  1.  1.  1.  1.  1.  1.  1. -1.]
 [-1. -1. -1. -1.  1. -1.  1.  1.  1.  1.  1.  1.  1. -1.]
 [-1. -1. -1. -1. -1. -1.  1.  1.  1.  1.  1.  1.  1.  1.]
 [ 1.  1. -1. -1. -1. -1.  1.  1.  1. -1.  1.  1.  1.  1.]
 [ 1. -1. -1. -1. -1. -1. -1. -1. -1.  1.  1.  1.  1. -1.]
 [ 1. -1. -1. -1. -1. -1. -1. -1. -1. -1. -1.  1.  1. -1.]
 [ 1.  1. -1.  1. -1. -1. -1. -1.  1. -1. -1. -1.  1. -1.]
 [ 1. -1. -1. -1. -1. -1.  1.  1.  1. -1. -1. -1.  1. -1.]
 [ 1. -1. -1. -1. -1. -1. -1.  1. -1. -1. -1. -1. -1. -1.]]",-0.9795918367346939,-0.17346938775510204,131072
1,"[[-1. -1. -1. -1. -1. -1. -1. -1. -1. -1.  1. -1. -1. -1.]
 [-1. -1. -1. -1. -1. -1. -1. -1. -1. -1. -1. -1. -1. -1.]
 [-1. -1. -1. -1. -1. -1. -1. -1. -1. -1. -1. -1. -1. -1.]
 [-1. -1. -1. -1. -1.  1. -1.  1.  1. -1. -1. -1. -1.  1.]
 [ 1.  1.  1. -1. -1.  1.  1.  1. -1. -1. -1. -1. -1. -1.]
 [-1.  1.  1.  1.  1.  1. -1. -1. -1. -1. -1. -1. -1. -1.]
 [-1.  1.  1. -1. -1. -1.  1. -1. -1. -1. -1. -1. -1. -1.]
 [-1.  1. -1. -1. -1. -1.  1. -1.  1. -1. -1. -1. -1. -1.]
 [-1. -1. -1. -1. -1. -1. -1. -1. -1. -1. -1. -1. -1. -1.]
 [-1. -1. -1. -1. -1. -1. -1. -1. -1. -1. -1. -1. -1. -1.]
 [-1. -1. -1. -1. -1. -1. -1. -1. -1. -1. -1. -1. -1. -1.]
 [-1. -1. -1. -1. -1. -1. -1. -1.  1.  1.  1. -1. -1. -1.]
 [-1. -1. -1. -1.  1. -1. -1.  1.  1.  1.  1.  1. -1. -1.]
 [-1.  1.  1. -1. -1. -1.  1. -1. -1.  1.  1. -1. -1. -1.]]",-1.2040816326530612,-0.6326530612244898,65536
2,"[[ 1.  1.  1. -1.  1. -1. -1. -1.  1.  1.  1.  1.  1. -1.]
 [ 1. -1. -1.  1. -1. -1. -1. -1. -1.  1.  1.  1.  1.  1.]
 [-1. -1. -1. -1. -1. -1. -1.  1. -1.  1.  1.  1.  1.  1.]
 [-1. -1. -1. -1. -1. -1. -1.  1.  1.  1. -1. -1.  1. -1.]
 [-1. -1. -1. -1. -1. -1. -1.  1.  1.  1. -1. -1.  1. -1.]
 [-1. -1. -1. -1. -1. -1. -1.  1.  1.  1. -1. -1. -1. -1.]
 [-1. -1. -1. -1.  1.  1.  1. -1. -1. -1. -1. -1. -1. -1.]
 [-1. -1. -1.  1.  1.  1. -1.  1.  1.  1.  1.  1. -1. -1.]
 [-1. -1. -1.  1.  1.  1.  1.  1.  1.  1.  1.  1. -1. -1.]
 [ 1. -1. -1. -1.  1.  1.  1.  1.  1.  1.  1.  1. -1.  1.]
 [-1. -1.  1.  1.  1.  1.  1.  1.  1.  1.  1. -1. -1. -1.]
 [-1. -1. -1. -1.  1. -1.  1. -1.  1.  1.  1. -1. -1. -1.]
 [-1.  1. -1. -1. -1. -1. -1.  1.  1.  1.  1. -1.  1. -1.]
 [-1. -1. -1. -1. -1. -1. -1. -1.  1.  1.  1.  1.  1. -1.]]",-0.9387755102040817,-0.10204081632653061,65536
3,"[[-1. -1. -1.  1.  1.  1.  1.  1. -1.  1.  1.  1.  1. -1.]
 [-1. -1. -1.  1.  1.  1. -1. -1. -1.  1.  1.  1.  1. -1.]
 [ 1. -1. -1.  1.  1.  1. -1.  1. -1.  1.  1.  1.  1.  1.]
 [ 1. -1. -1. -1. -1.  1.  1.  1. -1.  1.  1.  1.  1.  1.]
 [ 1. -1. -1. -1. -1. -1.  1.  1.  1.  1.  1.  1. -1.  1.]
 [ 1.  1. -1. -1. -1. -1. -1. -1.  1.  1.  1.  1.  1.  1.]
 [ 1.  1. -1. -1. -1.  1. -1.  1.  1.  1.  1.  1.  1.  1.]
 [-1. -1. -1. -1. -1.  1.  1.  1.  1.  1.  1.  1.  1.  1.]
 [-1. -1. -1. -1. -1.  1.  1.  1.  1. -1.  1.  1. -1. -1.]
 [-1. -1. -1. -1.  1.  1.  1.  1.  1. -1. -1. -1. -1. -1.]
 [-1. -1.  1.  1.  1.  1.  1.  1.  1.  1.  1. -1. -1. -1.]
 [-1.  1.  1.  1.  1.  1.  1.  1.  1.  1.  1.  1. -1. -1.]
 [-1.  1. -1.  1.  1.  1.  1.  1.  1.  1.  1.  1. -1. -1.]
 [ 1.  1.  1.  1. -1.  1.  1.  1.  1.  1.  1.  1. -1. -1.]]",-1.0816326530612246,0.24489795918367346,131072
4,"[[-1. -1. -1. -1.  1.  1. -1. -1. -1.  1.  1.  1.  1.  1.]
 [-1. -1. -1. -1.  1.  1.  1.  1.  1.  1.  1.  1.  1. -1.]
 [-1. -1.  1. -1. -1. -1. -1. -1.  1.  1.  1.  1.  1. -1.]
 [ 1. -1.  1.  1. -1. -1. -1.  1.  1.  1.  1.  1.  1. -1.]
 [ 1. -1. -1. -1.  1.  1.  1.  1. -1.  1.  1.  1.  1.  1.]
 [ 1.  1.  1.  1.  1.  1.  1.  1. -1. -1.  1.  1.  1.  1.]
 [ 1.  1. -1. -1. -1.  1.  1. -1. -1. -1. -1. -1.  1. -1.]
 [ 1.  1. -1. -1. -1. -1. -1. -1. -1. -1. -1.  1.  1.  1.]
 [ 1.  1. -1. -1. -1. -1. -1. -1. -1. -1.  1. -1.  1.  1.]
 [ 1.  1. -1. -1. -1. -1. -1. -1. -1. -1. -1.  1.  1.  1.]
 [ 1.  1.  1. -1. -1. -1. -1. -1. -1. -1. -1.  1.  1.  1.]
 [ 1.  1.  1.  1. -1. -1. -1. -1.  1.  1.  1.  1.  1.  1.]
 [-1.  1.  1.  1.  1.  1.  1. -1. -1.  1.  1. -1.  1.  1.]
 [ 1. -1. -1. -1.  1.  1.  1. -1. -1.  1.  1.  1.  1.  1.]]",-0.9183673469387755,0.10204081632653061,131072
5,"[[-1. -1. -1.  1.  1.  1. -1. -1. -1. -1. -1. -1. -1. -1.]
 [-1. -1. -1. -1. -1. -1. -1. -1. -1. -1. -1. -1. -1. -1.]
 [-1. -1. -1. -1. -1. -1. -1. -1. -1. -1. -1. -1. -1. -1.]
 [-1.  1. -1.  1. -1. -1. -1. -1. -1. -1. -1. -1.  1. -1.]
 [-1. -1. -1. -1. -1. -1. -1.  1. -1. -1. -1. -1. -1. -1.]
 [-1. -1. -1. -1. -1. -1. -1. -1. -1. -1. -1. -1. -1. -1.]
 [-1. -1. -1. -1. -1. -1. -1. -1. -1. -1. -1. -1. -1. -1.]
 [-1. -1. -1. -1. -1. -1. -1. -1. -1. -1. -1. -1. -1. -1.]
 [-1.  1.  1. -1. -1. -1. -1. -1. -1. -1. -1. -1. -1. -1.]
 [-1. -1. -1. -1. -1. -1. -1.  1. -1.  1. -1. -1. -1. -1.]
 [-1. -1. -1. -1. -1. -1. -1.  1. -1. -1. -1. -1. -1. -1.]
 [-1. -1. -1. -1. -1. -1.  1.  1. -1. -1. -1. -1. -1. -1.]
 [-1. -1. -1. -1. -1. -1. -1. -1. -1. -1. -1. -1. -1. -1.]
 [-1. -1. -1. -1. -1. -1. -1. -1. -1. -1.  1. -1. -1. -1.]]",-1.510204081632653,-0.8469387755102041,65536
6,"[[-1. -1. -1.  1.  1. -1. -1. -1.  1. -1. -1. -1. -1. -1.]
 [-1. -1. -1.  1.  1. -1. -1. -1. -1. -1. -1. -1. -1. -1.]
 [-1. -1. -1. -1.  1. -1. -1.  1.  1.  1.  1.  1. -1. -1.]
 [-1.  1. -1. -1.  1. -1. -1. -1.  1.  1. -1. -1. -1.  1.]
 [-1. -1. -1. -1.  1.  1.  1. -1. -1. -1. -1. -1.  1.  1.]
 [-1. -1. -1. -1.  1.  1.  1. -1. -1. -1.  1.  1. -1.  1.]
 [-1. -1. -1. -1. -1.  1.  1.  1. -1. -1.  1. -1. -1. -1.]
 [ 1.  1. -1. -1.  1.  1.  1.  1.  1.  1.  1.  1. -1. -1.]
 [ 1.  1. -1.  1. -1.  1.  1.  1.  1. -1.  1.  1.  1. -1.]
 [ 1.  1.  1.  1.  1.  1.  1.  1.  1. -1.  1. -1. -1. -1.]
 [ 1.  1. -1. -1.  1.  1.  1.  1. -1. -1. -1. -1. -1. -1.]
 [-1. -1. -1. -1.  1.  1.  1.  1. -1. -1. -1. -1.  1. -1.]
 [-1. -1. -1. -1.  1. -1. -1. -1. -1. -1. -1. -1.  1. -1.]
 [-1. -1. -1. -1. -1. -1. -1. -1.  1. -1. -1. -1.  1. -1.]]",-0.7959183673469388,-0.22448979591836735,32768
7,"[[-1. -1.  1.  1.  1.  1.  1.  1.  1.  1. -1. -1. -1.  1.]
 [-1. -1. -1.  1.  1.  1.  1.  1.  1.  1. -1. -1. -1. -1.]
 [-1. -1. -1. -1. -1.  1.  1.  1.  1.  1. -1. -1. -1. -1.]
 [-1. -1. -1. -1. -1. -1.  1. -1. -1.  1. -1. -1. -1.  1.]
 [-1. -1. -1. -1. -1. -1.  1. -1. -1. -1. -1.  1.  1. -1.]
 [-1. -1. -1. -1. -1. -1. -1. -1. -1. -1. -1. -1. -1. -1.]
 [-1. -1. -1.  1. -1. -1. -1. -1.  1. -1. -1. -1. -1. -1.]
 [-1. -1. -1. -1. -1.  1.  1.  1.  1. -1. -1. -1. -1. -1.]
 [ 1. -1. -1.  1.  1.  1.  1.  1. -1. -1. -1. -1. -1. -1.]
 [-1. -1. -1.  1.  1.  1.  1. -1. -1. -1. -1.  1. -1. -1.]
 [-1. -1.  1.  1.  1.  1.  1. -1. -1.  1. -1. -1. -1.  1.]
 [ 1. -1.  1.  1.  1.  1.  1.  1. -1. -1. -1. -1. -1.  1.]
 [-1. -1.  1.  1.  1.  1.  1.  1. -1.  1. -1. -1.  1.  1.]
 [-1. -1.  1.  1.  1.  1.  1.  1.  1.  1. -1. -1. -1. -1.]]",-1.0612244897959184,-0.22448979591836735,65536
8,"[[ 1.  1.  1.  1.  1.  1.  1.  1. -1. -1. -1.  1.  1.  1.]
 [-1.  1. -1. -1.  1.  1.  1. -1. -1.  1. -1. -1.  1. -1.]
 [ 1.  1.  1.  1.  1.  1.  1. -1.  1.  1.  1.  1.  1.  1.]
 [ 1.  1.  1.  1.  1.  1.  1. -1.  1.  1.  1.  1.  1.  1.]
 [ 1. -1.  1.  1.  1. -1.  1.  1.  1.  1.  1.  1.  1.  1.]
 [ 1.  1.  1.  1.  1.  1.  1.  1.  1.  1.  1.  1.  1.  1.]
 [ 1.  1.  1.  1.  1.  1.  1.  1.  1.  1.  1.  1. -1.  1.]
 [-1.  1.  1.  1.  1.  1.  1.  1. -1. -1. -1. -1. -1.  1.]
 [-1.  1.  1.  1.  1. -1. -1.  1.  1.  1. -1. -1. -1. -1.]
 [ 1.  1.  1.  1.  1.  1.  1.  1.  1.  1. -1. -1. -1. -1.]
 [-1.  1.  1.  1.  1.  1.  1.  1.  1.  1. -1. -1. -1. -1.]
 [ 1.  1. -1.  1.  1.  1.  1.  1.  1.  1. -1. -1. -1. -1.]
 [ 1.  1.  1.  1.  1.  1.  1.  1.  1.  1. -1.  1. -1.  1.]
 [ 1.  1.  1.  1.  1.  1.  1.  1. -1. -1. -1. -1. -1. -1.]]",-1.1020408163265305,0.47959183673469385,65536
9,"[[-1. -1.  1. -1. -1. -1. -1. -1.  1.  1.  1.  1.  1. -1.]
 [-1. -1.  1. -1. -1.  1.  1. -1. -1. -1. -1. -1.  1. -1.]
 [-1. -1.  1.  1. -1.  1.  1. -1. -1. -1. -1. -1. -1. -1.]
 [-1. -1.  1.  1. -1. -1.  1. -1. -1. -1. -1. -1. -1. -1.]
 [ 1.  1.  1.  1.  1.  1.  1. -1. -1. -1.  1.  1. -1. -1.]
 [ 1.  1.  1.  1. -1.  1.  1.  1.  1.  1.  1. -1. -1. -1.]
 [ 1.  1.  1.  1. -1.  1.  1.  1.  1.  1. -1. -1. -1. -1.]
 [ 1.  1.  1.  1.  1.  1.  1.  1.  1. -1.  1. -1. -1. -1.]
 [ 1.  1.  1.  1.  1.  1.  1. -1.  1. -1. -1. -1. -1.  1.]
 [-1.  1.  1. -1.  1.  1.  1.  1.  1.  1. -1. -1. -1.  1.]
 [ 1.  1.  1.  1.  1.  1.  1.  1.  1.  1.  1.  1.  1.  1.]
 [-1. -1. -1. -1. -1.  1.  1.  1. -1.  1.  1.  1.  1.  1.]
 [-1. -1. -1. -1. -1.  1.  1.  1. -1.  1.  1.  1.  1.  1.]
 [-1. -1. -1. -1. -1. -1. -1.  1.  1.  1.  1.  1.  1.  1.]]",-0.9591836734693877,0.12244897959183673,32768
10,"[[-1. -1. -1. -1. -1. -1.  1. -1. -1. -1. -1. -1. -1. -1.]
 [ 1.  1.  1. -1.  1.  1.  1.  1. -1. -1. -1.  1. -1. -1.]
 [-1.  1.  1.  1.  1.  1. -1. -1. -1. -1.  1.  1. -1. -1.]
 [-1. -1.  1.  1.  1.  1. -1. -1. -1. -1. -1.  1. -1. -1.]
 [-1. -1. -1.  1.  1.  1.  1.  1.  1. -1. -1. -1. -1.  1.]
 [-1. -1. -1.  1.  1.  1.  1.  1. -1. -1.  1. -1. -1. -1.]
 [ 1. -1. -1. -1.  1.  1.  1.  1.  1. -1. -1. -1. -1. -1.]
 [-1. -1. -1. -1.  1.  1.  1.  1.  1.  1.  1.  1. -1. -1.]
 [-1. -1. -1. -1.  1.  1.  1.  1.  1.  1. -1. -1. -1. -1.]
 [-1. -1. -1.  1.  1.  1.  1.  1.  1. -1. -1. -1. -1. -1.]
 [-1. -1. -1. -1. -1. -1.  1. -1. -1. -1.  1. -1. -1. -1.]
 [-1. -1. -1.  1. -1.  1.  1. -1. -1. -1.  1. -1. -1. -1.]
 [-1. -1. -1.  1. -1.  1. -1. -1. -1. -1. -1. -1. -1. -1.]
 [-1. -1. -1. -1. -1. -1.  1. -1. -1. -1. -1. -1. -1. -1.]]",-1.0,-0.29591836734693877,16384
11,"[[ 1.  1.  1.  1.  1.  1.  1.  1.  1.  1. -1. -1. -1.  1.]
 [-1. -1. -1. -1. -1.  1.  1.  1. -1. -1. -1. -1. -1.  1.]
 [ 1. -1. -1. -1. -1. -1. -1.  1.  1.  1.  1. -1. -1.  1.]
 [-1. -1. -1. -1.  1.  1.  1.  1.  1.  1. -1. -1. -1.  1.]
 [-1. -1.  1.  1.  1.  1.  1.  1.  1.  1. -1. -1. -1.  1.]
 [-1. -1.  1.  1.  1.  1.  1.  1.  1.  1. -1. -1. -1. -1.]
 [ 1.  1.  1.  1.  1.  1.  1.  1.  1.  1.  1. -1. -1. -1.]
 [ 1.  1.  1.  1.  1.  1. -1. -1.  1.  1.  1.  1.  1.  1.]
 [ 1.  1.  1. -1. -1. -1.  1.  1.  1.  1.  1.  1.  1.  1.]
 [ 1.  1.  1.  1.  1.  1.  1.  1.  1.  1.  1.  1.  1.  1.]
 [ 1.  1.  1.  1.  1. -1. -1. -1. -1.  1.  1.  1.  1.  1.]
 [-1. -1.  1.  1.  1.  1.  1. -1.  1.  1.  1.  1.  1.  1.]
 [ 1.  1.  1.  1.  1.  1.  1. -1.  1.  1.  1.  1.  1.  1.]
 [ 1.  1.  1.  1.  1.  1.  1.  1.  1.  1.  1. -1. -1.  1.]]",-1.1020408163265305,0.41836734693877553,131072
12,"[[ 1.  1.  1.  1.  1.  1. -1. -1. -1. -1. -1.  1.  1.  1.]
 [ 1.  1.  1.  1.  1.  1. -1. -1. -1. -1. -1.  1.  1.  1.]
 [ 1.  1.  1.  1.  1. -1. -1.  1. -1.  1. -1. -1.  1.  1.]
 [-1.  1.  1. -1.  1.  1. -1.  1.  1.  1.  1.  1.  1. -1.]
 [-1.  1.  1.  1.  1.  1.  1.  1.  1.  1.  1.  1. -1. -1.]
 [-1. -1. -1. -1.  1.  1.  1.  1.  1.  1.  1. -1. -1. -1.]
 [-1. -1. -1. -1. -1. -1. -1.  1.  1.  1.  1. -1.  1. -1.]
 [-1. -1. -1. -1. -1. -1.  1.  1.  1.  1.  1.  1.  1.  1.]
 [ 1. -1. -1. -1. -1.  1.  1.  1.  1.  1.  1.  1.  1.  1.]
 [ 1.  1. -1.  1.  1.  1.  1.  1.  1.  1.  1.  1.  1. -1.]
 [ 1.  1.  1. -1.  1.  1.  1.  1.  1.  1.  1.  1.  1.  1.]
 [ 1.  1.  1.  1.  1.  1. -1.  1.  1.  1.  1.  1.  1.  1.]
 [ 1.  1.  1.  1.  1.  1.  1.  1.  1.  1.  1.  1.  1.  1.]
 [ 1.  1.  1.  1.  1.  1.  1. -1. -1. -1.  1.  1.  1.  1.]]",-1.183673469387755,0.4387755102040816,65536
13,"[[ 1.  1.  1. -1. -1. -1.  1.  1. -1. -1. -1. -1.  1.  1.]
 [ 1.  1. -1. -1.  1. -1. -1.  1. -1. -1.  1.  1.  1.  1.]
 [ 1.  1. -1. -1.  1.  1.  1.  1.  1.  1.  1.  1.  1.  1.]
 [-1. -1. -1. -1. -1.  1.  1.  1.  1.  1.  1.  1. -1. -1.]
 [-1.  1. -1. -1. -1.  1.  1. -1.  1.  1.  1. -1. -1. -1.]
 [-1. -1. -1. -1. -1. -1. -1. -1.  1.  1. -1. -1. -1. -1.]
 [-1. -1. -1. -1. -1.  1. -1. -1.  1.  1. -1.  1. -1. -1.]
 [-1. -1. -1. -1. -1.  1. -1. -1. -1. -1. -1.  1.  1. -1.]
 [-1. -1. -1.  1.  1.  1. -1. -1. -1. -1. -1.  1.  1. -1.]
 [-1. -1. -1. -1. -1.  1. -1. -1. -1. -1. -1. -1. -1. -1.]
 [-1. -1. -1. -1. -1. -1. -1. -1. -1. -1. -1. -1. -1. -1.]
 [-1. -1. -1.  1. -1. -1. -1. -1. -1. -1. -1. -1. -1. -1.]
 [ 1. -1. -1. -1. -1. -1. -1. -1. -1. -1. -1. -1.  1.  1.]
 [ 1.  1. -1. -1. -1. -1.  1.  1. -1.  1. -1.  1.  1.  1.]]",-1.0408163265306123,-0.3163265306122449,65536
14,"[[-1. -1. -1. -1.  1.  1.  1.  1.  1.  1. -1.  1.  1. -1.]
 [-1. -1. -1. -1.  1.  1.  1.  1.  1.  1.  1. -1. -1. -1.]
 [-1. -1. -1. -1.  1.  1.  1. -1. -1.  1.  1.  1. -1. -1.]
 [-1. -1. -1. -1. -1.  1.  1. -1. -1.  1.  1.  1.  1. -1.]
 [-1. -1. -1. -1. -1.  1.  1.  1. -1.  1.  1. -1. -1.  1.]
 [-1. -1. -1. -1. -1.  1.  1.  1. -1. -1.  1. -1. -1.  1.]
 [-1. -1. -1. -1. -1.  1. -1. -1. -1.  1.  1. -1. -1. -1.]
 [ 1. -1. -1. -1. -1. -1. -1. -1. -1. -1. -1.  1.  1.  1.]
 [ 1. -1.  1.  1. -1. -1. -1. -1. -1. -1. -1.  1.  1.  1.]
 [ 1. -1. -1.  1. -1. -1. -1. -1. -1. -1. -1.  1.  1.  1.]
 [ 1. -1. -1.  1. -1. -1. -1. -1. -1.  1.  1.  1. -1. -1.]
 [ 1.  1. -1.  1.  1. -1. -1. -1.  1.  1.  1.  1. -1. -1.]
 [ 1. -1. -1.  1.  1.  1.  1. -1.  1. -1. -1. -1. -1. -1.]
 [-1. -1. -1. -1. -1.  1.  1. -1.  1.  1. -1. -1. -1. -1.]]",-0.8775510204081632,-0.19387755102040816,32768
15,"[[-1. -1.  1. -1. -1. -1. -1. -1.  1.  1.  1.  1.  1.  1.]
 [-1. -1. -1. -1. -1. -1. -1. -1. -1.  1.  1.  1.  1. -1.]
 [-1. -1. -1. -1. -1. -1. -1. -1. -1.  1.  1.  1.  1. -1.]
 [-1. -1. -1. -1. -1. -1. -1. -1. -1. -1.  1.  1. -1. -1.]
 [-1. -1. -1. -1. -1. -1. -1. -1. -1.  1.  1.  1.  1. -1.]
 [-1. -1.  1.  1.  1.  1.  1.  1.  1.  1.  1.  1.  1.  1.]
 [ 1. -1. -1.  1. -1.  1.  1.  1.  1.  1.  1. -1.  1.  1.]
 [-1.  1.  1.  1. -1.  1.  1.  1.  1.  1. -1.  1.  1.  1.]
 [ 1.  1.  1.  1. -1. -1.  1.  1.  1.  1.  1.  1. -1. -1.]
 [ 1.  1.  1.  1.  1.  1.  1.  1.  1. -1. -1.  1.  1.  1.]
 [ 1.  1.  1. -1. -1.  1.  1.  1.  1.  1.  1.  1.  1.  1.]
 [ 1.  1. -1. -1. -1. -1. -1.  1.  1.  1.  1.  1.  1.  1.]
 [ 1. -1. -1. -1. -1. -1. -1. -1.  1.  1.  1.  1.  1.  1.]
 [-1. -1. -1. -1. -1. -1. -1. -1.  1.  1.  1.  1.  1.  1.]]",-1.1224489795918366,0.12244897959183673,32768
16,"[[-1.  1.  1.  1.  1.  1.  1. -1. -1. -1. -1. -1.  1. -1.]
 [-1. -1. -1. -1. -1. -1.  1. -1. -1. -1. -1.  1.  1.  1.]
 [ 1. -1. -1.  1. -1.  1. -1. -1. -1. -1. -1.  1.  1. -1.]
 [-1. -1.  1.  1.  1.  1. -1. -1. -1. -1.  1. -1. -1. -1.]
 [-1. -1. -1.  1.  1.  1.  1. -1.  1.  1. -1. -1. -1. -1.]
 [-1. -1. -1.  1.  1.  1.  1. -1.  1.  1. -1. -1. -1. -1.]
 [-1. -1.  1.  1.  1.  1.  1.  1. -1. -1. -1. -1. -1. -1.]
 [-1. -1.  1. -1. -1. -1. -1.  1. -1. -1. -1.  1. -1. -1.]
 [-1. -1.  1. -1. -1. -1. -1.  1. -1. -1. -1. -1. -1. -1.]
 [ 1.  1.  1. -1.  1. -1. -1. -1. -1. -1. -1. -1. -1. -1.]
 [ 1.  1.  1.  1.  1. -1. -1. -1. -1.  1. -1. -1. -1. -1.]
 [ 1.  1.  1.  1.  1.  1. -1. -1. -1.  1.  1.  1.  1.  1.]
 [-1.  1.  1.  1.  1.  1.  1. -1. -1. -1. -1.  1.  1.  1.]
 [ 1.  1. -1.  1.  1.  1.  1.  1. -1. -1. -1.  1.  1.  1.]]",-0.8367346938775511,-0.14285714285714285,32768
17,"[[-1. -1.  1.  1.  1.  1.  1.  1.  1. -1. -1. -1. -1. -1.]
 [-1. -1.  1.  1.  1.  1.  1.  1.  1.  1. -1. -1. -1.  1.]
 [ 1.  1.  1.  1.  1.  1.  1.  1. -1. -1. -1. -1. -1.  1.]
 [ 1.  1.  1.  1. -1. -1. -1. -1. -1. -1. -1.  1. -1.  1.]
 [-1.  1. -1. -1. -1. -1. -1. -1.  1.  1. -1. -1. -1. -1.]
 [ 1. -1. -1. -1. -1. -1. -1. -1. -1. -1. -1.  1. -1. -1.]
 [-1. -1. -1. -1.  1. -1. -1. -1. -1. -1. -1. -1. -1. -1.]
 [-1. -1. -1. -1. -1. -1. -1. -1. -1. -1. -1. -1. -1. -1.]
 [-1. -1. -1. -1. -1. -1. -1. -1. -1. -1. -1. -1. -1. -1.]
 [-1. -1. -1. -1. -1. -1. -1.  1. -1. -1. -1. -1. -1. -1.]
 [-1. -1. -1. -1. -1. -1.  1.  1. -1. -1. -1. -1. -1. -1.]
 [ 1. -1.  1. -1. -1.  1.  1.  1.  1.  1.  1. -1. -1. -1.]
 [ 1. -1. -1.  1.  1.  1.  1.  1.  1. -1. -1. -1. -1. -1.]
 [ 1. -1. -1.  1.  1.  1.  1.  1.  1. -1. -1. -1. -1. -1.]]",-1.163265306122449,-0.3673469387755102,65536
18,"[[ 1. -1.  1.  1.  1. -1. -1. -1. -1. -1. -1. -1. -1.  1.]
 [ 1. -1. -1.  1.  1. -1. -1. -1. -1. -1. -1. -1. -1.  1.]
 [-1. -1.  1. -1.  1.  1. -1. -1. -1. -1.  1. -1. -1. -1.]
 [-1. -1. -1. -1. -1.  1. -1.  1. -1. -1.  1. -1. -1. -1.]
 [-1. -1. -1. -1. -1. -1. -1.  1.  1.  1. -1. -1. -1. -1.]
 [-1. -1. -1. -1. -1. -1. -1. -1. -1.  1.  1.  1. -1. -1.]
 [ 1.  1.  1.  1.  1. -1. -1. -1. -1.  1. -1. -1. -1.  1.]
 [ 1. -1.  1.  1.  1. -1. -1. -1. -1. -1.  1.  1.  1.  1.]
 [ 1.  1.  1. -1. -1. -1. -1.  1. -1. -1.  1.  1.  1. -1.]
 [ 1.  1.  1.  1. -1. -1. -1.  1. -1. -1. -1.  1.  1.  1.]
 [ 1.  1.  1.  1. -1. -1. -1. -1. -1. -1.  1.  1.  1.  1.]
 [ 1.  1. -1. -1. -1. -1. -1. -1. -1.  1.  1.  1.  1.  1.]
 [ 1. -1.  1. -1. -1. -1. -1. -1. -1. -1. -1. -1.  1.  1.]
 [ 1. -1.  1.  1. -1. -1. -1. -1. -1. -1. -1. -1. -1.  1.]]",-0.9183673469387755,-0.23469387755102042,65536
19,"[[ 1.  1. -1. -1. -1. -1.  1.  1. -1. -1. -1. -1.  1.  1.]
 [-1. -1. -1. -1. -1. -1. -1. -1. -1. -1. -1. -1. -1. -1.]
 [-1. -1. -1. -1. -1. -1. -1. -1. -1. -1. -1. -1. -1. -1.]
 [-1. -1. -1. -1. -1. -1. -1. -1.  1.  1.  1. -1. -1. -1.]
 [-1. -1. -1. -1. -1. -1. -1. -1.  1.  1.  1. -1. -1. -1.]
 [-1. -1. -1. -1. -1. -1. -1. -1. -1.  1.  1. -1. -1. -1.]
 [-1. -1. -1. -1. -1. -1. -1. -1. -1. -1. -1. -1. -1. -1.]
 [-1.  1.  1. -1. -1. -1. -1. -1. -1. -1. -1. -1. -1. -1.]
 [-1. -1. -1. -1. -1. -1. -1. -1. -1.  1. -1.  1.  1.  1.]
 [ 1.  1.  1. -1. -1. -1. -1.  1. -1. -1. -1. -1. -1.  1.]
 [ 1.  1.  1.  1. -1. -1.  1.  1. -1. -1. -1. -1. -1. -1.]
 [ 1.  1.  1. -1. -1. -1.  1. -1. -1. -1. -1.  1. -1. -1.]
 [ 1. -1. -1. -1. -1. -1. -1. -1. -1.  1. -1.  1.  1.  1.]
 [ 1. -1. -1. -1. -1. -1. -1. -1. -1. -1. -1.  1.  1. -1.]]",-1.1428571428571428,-0.5510204081632653,65536
20,"[[ 1.  1.  1.  1.  1. -1.  1. -1. -1. -1. -1.  1.  1. -1.]
 [-1. -1. -1. -1. -1. -1. -1. -1. -1. -1.  1.  1.  1. -1.]
 [-1. -1. -1. -1. -1. -1. -1. -1. -1. -1.  1. -1. -1. -1.]
 [-1. -1. -1. -1. -1. -1. -1. -1. -1. -1.  1.  1. -1. -1.]
 [-1. -1. -1.  1.  1.  1. -1. -1. -1. -1. -1. -1. -1. -1.]
 [ 1. -1. -1.  1.  1.  1.  1. -1. -1. -1. -1. -1. -1. -1.]
 [ 1. -1. -1.  1.  1.  1.  1. -1.  1.  1. -1. -1. -1. -1.]
 [ 1.  1.  1.  1. -1.  1.  1. -1.  1.  1. -1. -1. -1. -1.]
 [-1.  1.  1. -1. -1. -1. -1.  1. -1.  1.  1. -1. -1. -1.]
 [-1. -1. -1.  1. -1. -1.  1. -1. -1.  1.  1. -1. -1. -1.]
 [-1. -1.  1.  1.  1.  1. -1. -1. -1. -1.  1.  1. -1. -1.]
 [ 1. -1.  1.  1. -1. -1. -1. -1. -1. -1. -1.  1.  1.  1.]
 [ 1.  1.  1.  1.  1. -1. -1. -1. -1. -1. -1.  1.  1. -1.]
 [ 1.  1.  1. -1. -1. -1. -1. -1. -1. -1. -1.  1.  1. -1.]]",-0.8571428571428571,-0.2857142857142857,65536
21,"[[-1. -1. -1. -1.  1. -1. -1. -1. -1. -1. -1.  1.  1. -1.]
 [ 1. -1. -1. -1.  1.  1. -1. -1. -1. -1. -1. -1. -1. -1.]
 [-1.  1.  1.  1.  1.  1.  1. -1. -1. -1. -1. -1. -1. -1.]
 [-1.  1.  1.  1.  1.  1.  1.  1. -1. -1. -1. -1. -1.  1.]
 [-1.  1.  1.  1.  1.  1. -1. -1. -1.  1. -1. -1. -1.  1.]
 [-1.  1.  1.  1.  1.  1.  1.  1. -1.  1. -1.  1.  1.  1.]
 [ 1.  1.  1. -1.  1.  1.  1. -1. -1.  1. -1.  1.  1.  1.]
 [ 1.  1.  1.  1. -1.  1.  1.  1.  1.  1.  1.  1.  1.  1.]
 [ 1.  1.  1. -1.  1.  1.  1.  1. -1.  1.  1.  1.  1.  1.]
 [ 1.  1.  1.  1. -1. -1.  1.  1.  1.  1.  1.  1.  1.  1.]
 [ 1.  1.  1.  1. -1. -1.  1.  1.  1.  1.  1.  1.  1.  1.]
 [-1. -1. -1. -1.  1. -1.  1.  1.  1. -1.  1.  1.  1. -1.]
 [-1. -1. -1. -1. -1. -1. -1.  1. -1. -1. -1.  1.  1. -1.]
 [-1. -1. -1. -1. -1. -1. -1. -1. -1. -1. -1.  1.  1.  1.]]",-0.9591836734693877,0.12244897959183673,65536
22,"[[-1.  1.  1.  1.  1. -1.  1.  1.  1.  1.  1.  1. -1. -1.]
 [-1.  1. -1. -1.  1.  1.  1.  1.  1.  1.  1.  1. -1.  1.]
 [-1.  1.  1.  1.  1. -1.  1. -1. -1.  1.  1.  1.  1.  1.]
 [-1. -1. -1. -1. -1. -1.  1. -1. -1.  1. -1. -1.  1.  1.]
 [-1. -1. -1. -1. -1. -1. -1. -1. -1. -1. -1. -1. -1. -1.]
 [-1. -1. -1. -1. -1. -1. -1. -1. -1. -1. -1. -1. -1.  1.]
 [-1. -1. -1. -1. -1. -1. -1. -1. -1. -1. -1. -1. -1. -1.]
 [ 1. -1. -1.  1. -1. -1. -1. -1. -1. -1. -1. -1. -1.  1.]
 [ 1.  1.  1.  1.  1.  1. -1. -1. -1. -1. -1.  1.  1.  1.]
 [-1. -1.  1.  1.  1. -1. -1. -1.  1.  1.  1.  1. -1. -1.]
 [-1. -1. -1.  1.  1.  1. -1. -1. -1. -1. -1. -1. -1. -1.]
 [-1. -1.  1.  1.  1. -1. -1. -1.  1.  1.  1. -1. -1. -1.]
 [-1.  1.  1.  1. -1. -1.  1. -1.  1.  1.  1.  1.  1. -1.]
 [-1. -1.  1.  1.  1. -1.  1.  1.  1.  1.  1.  1.  1. -1.]]",-0.8775510204081632,-0.16326530612244897,131072
23,"[[ 1.  1.  1. -1. -1. -1. -1. -1. -1. -1. -1.  1.  1. -1.]
 [ 1.  1.  1. -1. -1. -1. -1. -1. -1.  1.  1.  1.  1.  1.]
 [ 1.  1.  1. -1. -1. -1. -1.  1.  1.  1.  1.  1.  1.  1.]
 [ 1.  1.  1. -1. -1. -1. -1.  1.  1.  1.  1. -1.  1.  1.]
 [ 1.  1.  1.  1. -1. -1. -1. -1. -1.  1. -1. -1.  1.  1.]
 [ 1.  1.  1.  1. -1. -1. -1. -1.  1.  1. -1. -1. -1.  1.]
 [ 1.  1.  1.  1.  1. -1. -1. -1. -1.  1. -1. -1. -1.  1.]
 [ 1.  1.  1.  1.  1. -1. -1. -1. -1.  1.  1.  1. -1.  1.]
 [ 1.  1.  1.  1.  1. -1. -1. -1. -1. -1. -1.  1. -1.  1.]
 [-1.  1.  1.  1. -1. -1. -1. -1. -1. -1. -1.  1. -1. -1.]
 [-1.  1.  1.  1. -1.  1.  1.  1. -1. -1. -1. -1. -1.  1.]
 [ 1.  1.  1.  1.  1.  1.  1.  1. -1. -1. -1. -1. -1.  1.]
 [ 1. -1. -1. -1.  1.  1.  1. -1. -1. -1.  1. -1. -1.  1.]
 [ 1. -1. -1. -1. -1. -1.  1. -1. -1. -1.  1. -1.  1.  1.]]",-1.0,0.02040816326530612,32768
24,"[[ 1.  1.  1.  1.  1.  1.  1.  1. -1. -1. -1. -1.  1.  1.]
 [-1. -1. -1.  1.  1.  1.  1.  1.  1. -1. -1. -1. -1. -1.]
 [-1. -1. -1. -1. -1. -1. -1.  1. -1. -1. -1. -1. -1. -1.]
 [ 1.  1. -1. -1. -1. -1. -1. -1. -1. -1. -1. -1. -1. -1.]
 [-1. -1. -1. -1. -1. -1. -1. -1.  1. -1. -1. -1.  1. -1.]
 [-1. -1. -1. -1. -1. -1. -1. -1. -1. -1. -1. -1. -1. -1.]
 [-1. -1. -1.  1. -1. -1. -1. -1. -1. -1. -1.  1. -1. -1.]
 [-1. -1. -1.  1.  1. -1.  1.  1. -1. -1. -1. -1. -1. -1.]
 [-1.  1. -1.  1.  1.  1.  1. -1. -1. -1. -1. -1. -1. -1.]
 [-1.  1. -1.  1.  1.  1.  1. -1. -1. -1. -1. -1. -1. -1.]
 [ 1.  1.  1.  1.  1.  1.  1.  1. -1. -1. -1.  1. -1. -1.]
 [ 1.  1.  1.  1.  1.  1.  1.  1.  1.  1. -1.  1.  1.  1.]
 [ 1.  1.  1.  1.  1.  1.  1.  1. -1. -1. -1. -1.  1.  1.]
 [ 1.  1. -1.  1. -1.  1.  1. -1. -1. -1. -1. -1. -1.  1.]]",-1.0816326530612246,-0.23469387755102042,65536
25,"[[ 1. -1.  1.  1.  1. -1. -1. -1. -1. -1.  1.  1. -1.  1.]
 [ 1.  1.  1.  1.  1.  1.  1.  1. -1. -1. -1.  1.  1.  1.]
 [ 1.  1.  1.  1. -1.  1.  1.  1. -1. -1. -1.  1.  1.  1.]
 [ 1.  1.  1.  1.  1.  1.  1.  1.  1. -1. -1. -1.  1.  1.]
 [ 1.  1.  1.  1.  1.  1. -1.  1. -1. -1. -1. -1.  1.  1.]
 [ 1.  1.  1.  1.  1.  1.  1.  1.  1.  1.  1.  1.  1.  1.]
 [ 1.  1.  1.  1.  1.  1. -1.  1.  1.  1.  1.  1.  1.  1.]
 [ 1.  1.  1.  1.  1.  1.  1.  1.  1. -1. -1.  1.  1.  1.]
 [ 1.  1. -1. -1. -1. -1.  1.  1.  1.  1.  1.  1.  1.  1.]
 [ 1.  1.  1.  1.  1.  1.  1.  1.  1.  1.  1.  1.  1.  1.]
 [ 1.  1. -1. -1.  1.  1.  1.  1.  1.  1.  1.  1.  1.  1.]
 [ 1.  1.  1.  1.  1.  1.  1.  1.  1.  1.  1.  1.  1.  1.]
 [ 1.  1.  1.  1.  1.  1.  1.  1. -1.  1.  1.  1.  1.  1.]
 [ 1.  1.  1.  1. -1. -1. -1.  1. -1.  1.  1.  1.  1. -1.]]",-1.183673469387755,0.6224489795918368,65536
26,"[[ 1.  1.  1.  1.  1.  1.  1.  1.  1. -1. -1.  1.  1.  1.]
 [ 1.  1.  1.  1.  1.  1. -1.  1.  1. -1. -1.  1.  1.  1.]
 [ 1.  1.  1.  1. -1. -1. -1.  1.  1.  1.  1.  1.  1.  1.]
 [ 1.  1.  1.  1.  1.  1.  1.  1.  1.  1.  1.  1.  1.  1.]
 [ 1.  1. -1.  1.  1.  1.  1.  1.  1.  1.  1.  1.  1.  1.]
 [ 1.  1.  1.  1.  1. -1.  1.  1.  1.  1.  1. -1. -1.  1.]
 [ 1. -1. -1. -1.  1. -1. -1. -1. -1. -1. -1. -1.  1.  1.]
 [ 1.  1. -1. -1.  1. -1. -1. -1. -1. -1. -1. -1. -1.  1.]
 [ 1.  1. -1. -1.  1. -1.  1.  1. -1. -1.  1. -1.  1.  1.]
 [-1. -1. -1. -1. -1. -1.  1.  1. -1. -1. -1.  1. -1. -1.]
 [-1. -1. -1. -1. -1. -1. -1. -1.  1.  1.  1.  1. -1. -1.]
 [-1.  1. -1. -1. -1. -1.  1.  1.  1.  1.  1.  1.  1.  1.]
 [ 1.  1.  1. -1. -1. -1.  1.  1.  1.  1.  1.  1.  1.  1.]
 [ 1.  1.  1.  1. -1.  1.  1.  1.  1.  1.  1.  1.  1.  1.]]",-1.0204081632653061,0.30612244897959184,262144
27,"[[ 1. -1. -1.  1. -1.  1.  1.  1.  1.  1.  1.  1.  1.  1.]
 [ 1. -1. -1. -1. -1. -1.  1.  1.  1.  1.  1.  1.  1.  1.]
 [ 1.  1.  1.  1.  1. -1.  1. -1. -1. -1. -1.  1.  1.  1.]
 [ 1. -1. -1. -1. -1. -1. -1. -1. -1. -1. -1.  1.  1.  1.]
 [ 1. -1. -1. -1. -1. -1. -1. -1. -1. -1.  1.  1.  1.  1.]
 [ 1. -1. -1. -1. -1. -1. -1. -1. -1.  1. -1. -1.  1.  1.]
 [-1. -1. -1. -1. -1. -1. -1. -1. -1.  1. -1. -1. -1.  1.]
 [-1. -1. -1. -1. -1.  1.  1. -1. -1.  1.  1.  1.  1.  1.]
 [-1. -1. -1. -1. -1.  1.  1. -1. -1.  1.  1.  1. -1. -1.]
 [-1. -1. -1. -1. -1. -1. -1.  1.  1.  1.  1.  1.  1. -1.]
 [-1. -1. -1. -1. -1. -1. -1. -1. -1.  1.  1.  1. -1. -1.]
 [-1. -1. -1. -1. -1. -1. -1. -1.  1.  1.  1.  1.  1.  1.]
 [ 1. -1.  1.  1. -1. -1. -1. -1.  1.  1.  1.  1.  1.  1.]
 [ 1. -1. -1.  1. -1.  1.  1.  1.  1.  1.  1.  1.  1.  1.]]",-1.0816326530612246,-0.07142857142857142,65536
28,"[[ 1.  1. -1. -1. -1.  1. -1. -1. -1. -1. -1.  1.  1.  1.]
 [-1.  1. -1. -1. -1. -1. -1. -1. -1. -1. -1.  1.  1. -1.]
 [-1.  1. -1. -1.  1. -1. -1. -1. -1.  1. -1.  1. -1. -1.]
 [-1. -1. -1.  1. -1. -1. -1. -1. -1. -1. -1. -1. -1. -1.]
 [-1. -1. -1. -1. -1. -1. -1. -1. -1. -1. -1. -1. -1. -1.]
 [-1. -1. -1. -1. -1. -1. -1. -1. -1. -1. -1. -1. -1. -1.]
 [-1. -1. -1. -1. -1. -1. -1. -1. -1. -1. -1. -1. -1. -1.]
 [-1. -1. -1. -1. -1. -1. -1. -1. -1. -1. -1. -1. -1. -1.]
 [-1. -1. -1. -1. -1.  1. -1.  1. -1. -1. -1. -1. -1. -1.]
 [-1. -1. -1. -1.  1.  1. -1.  1. -1. -1. -1. -1. -1.  1.]
 [-1. -1. -1. -1.  1. -1. -1. -1. -1. -1. -1. -1.  1.  1.]
 [-1. -1. -1. -1. -1. -1. -1. -1. -1. -1. -1. -1.  1. -1.]
 [-1. -1. -1. -1. -1. -1. -1. -1. -1. -1. -1. -1. -1. -1.]
 [ 1.  1. -1. -1. -1.  1. -1. -1. -1. -1. -1. -1.  1. -1.]]",-1.3061224489795917,-0.7142857142857143,32768
29,"[[-1.  1. -1. -1.  1.  1. -1.  1.  1.  1. -1. -1.  1. -1.]
 [ 1.  1.  1. -1.  1. -1. -1. -1.  1.  1. -1. -1. -1. -1.]
 [ 1.  1.  1.  1.  1. -1. -1. -1. -1.  1. -1. -1. -1.  1.]
 [ 1.  1.  1.  1.  1. -1.  1. -1. -1. -1. -1. -1. -1.  1.]
 [ 1.  1.  1.  1. -1. -1.  1.  1. -1.  1. -1.  1. -1.  1.]
 [ 1.  1.  1.  1.  1.  1.  1.  1.  1.  1.  1. -1.  1.  1.]
 [ 1. -1. -1.  1.  1.  1.  1.  1.  1.  1.  1.  1.  1.  1.]
 [-1. -1. -1.  1.  1.  1.  1.  1.  1.  1.  1. -1. -1. -1.]
 [-1. -1. -1. -1.  1.  1. -1. -1.  1.  1.  1. -1.  1. -1.]
 [ 1. -1.  1.  1.  1.  1. -1. -1.  1.  1.  1. -1. -1.  1.]
 [ 1.  1.  1.  1.  1.  1.  1.  1.  1.  1.  1. -1.  1.  1.]
 [-1.  1.  1.  1.  1.  1.  1.  1.  1.  1.  1. -1. -1.  1.]
 [-1.  1.  1.  1.  1.  1.  1.  1. -1. -1. -1. -1. -1. -1.]
 [-1.  1. -1. -1.  1.  1.  1.  1. -1.  1. -1. -1. -1. -1.]]",-0.8367346938775511,0.23469387755102042,65536
30,"[[ 1.  1.  1. -1. -1. -1. -1. -1. -1. -1. -1. -1.  1.  1.]
 [ 1.  1.  1. -1. -1. -1. -1. -1. -1.  1.  1. -1. -1. -1.]
 [-1. -1. -1. -1. -1. -1.  1. -1. -1.  1.  1. -1. -1. -1.]
 [-1. -1. -1.  1. -1. -1.  1. -1. -1. -1.  1.  1. -1. -1.]
 [-1. -1. -1.  1.  1. -1. -1. -1. -1. -1.  1.  1. -1. -1.]
 [-1. -1. -1.  1.  1. -1. -1. -1. -1.  1.  1. -1. -1. -1.]
 [-1. -1.  1.  1.  1.  1. -1. -1. -1.  1.  1. -1. -1. -1.]
 [-1. -1. -1. -1.  1.  1. -1. -1. -1. -1. -1. -1. -1. -1.]
 [-1. -1. -1. -1.  1.  1. -1. -1. -1. -1. -1. -1. -1.  1.]
 [-1. -1. -1. -1. -1.  1.  1. -1. -1. -1. -1.  1.  1.  1.]
 [ 1. -1. -1. -1.  1.  1.  1. -1. -1. -1. -1. -1.  1.  1.]
 [-1. -1. -1. -1.  1. -1.  1. -1. -1. -1. -1. -1. -1.  1.]
 [-1. -1. -1. -1. -1. -1. -1. -1. -1.  1. -1. -1. -1. -1.]
 [ 1. -1.  1.  1. -1. -1. -1. -1.  1.  1. -1. -1. -1.  1.]]",-0.9591836734693877,-0.41836734693877553,32768
31,"[[-1. -1. -1. -1. -1. -1. -1.  1.  1. -1. -1.  1.  1.  1.]
 [-1. -1. -1. -1. -1. -1.  1.  1.  1.  1.  1.  1.  1. -1.]
 [-1. -1. -1. -1. -1.  1.  1.  1.  1.  1.  1. -1.  1. -1.]
 [-1. -1. -1.  1.  1.  1.  1.  1. -1. -1. -1. -1.  1.  1.]
 [-1. -1.  1.  1. -1.  1. -1. -1. -1. -1. -1. -1.  1.  1.]
 [-1.  1.  1.  1.  1.  1.  1. -1. -1. -1. -1. -1.  1.  1.]
 [ 1.  1.  1.  1.  1.  1.  1. -1.  1.  1. -1.  1.  1.  1.]
 [ 1.  1. -1. -1.  1.  1.  1.  1.  1.  1.  1.  1.  1.  1.]
 [-1.  1. -1.  1.  1.  1.  1.  1.  1.  1.  1.  1. -1. -1.]
 [ 1. -1. -1. -1.  1.  1.  1.  1.  1.  1.  1.  1. -1. -1.]
 [ 1. -1. -1. -1. -1.  1.  1.  1.  1.  1.  1. -1. -1. -1.]
 [-1. -1. -1. -1. -1. -1.  1.  1.  1.  1.  1.  1. -1. -1.]
 [-1. -1. -1. -1. -1. -1.  1.  1.  1.  1.  1. -1. -1. -1.]
 [-1. -1. -1. -1. -1. -1. -1.  1.  1.  1.  1.  1.  1.  1.]]",-1.0408163265306123,0.09183673469387756,65536
32,"[[-1. -1. -1. -1. -1. -1.  1.  1.  1.  1.  1.  1.  1.  1.]
 [-1. -1. -1. -1. -1.  1.  1.  1.  1.  1.  1.  1.  1.  1.]
 [-1. -1. -1. -1. -1.  1.  1.  1.  1.  1.  1.  1.  1. -1.]
 [-1. -1.  1.  1.  1.  1.  1.  1.  1.  1.  1.  1.  1. -1.]
 [ 1.  1.  1.  1.  1.  1.  1.  1.  1.  1.  1.  1.  1. -1.]
 [ 1.  1.  1.  1.  1.  1. -1.  1.  1.  1.  1.  1.  1.  1.]
 [ 1.  1.  1.  1.  1.  1. -1.  1.  1.  1.  1.  1.  1.  1.]
 [-1. -1. -1. -1.  1.  1.  1.  1.  1.  1.  1.  1. -1.  1.]
 [-1. -1. -1. -1.  1.  1.  1.  1.  1.  1.  1. -1. -1. -1.]
 [-1. -1. -1. -1. -1.  1.  1.  1.  1. -1. -1. -1. -1. -1.]
 [-1. -1. -1. -1. -1. -1.  1.  1.  1.  1. -1.  1.  1.  1.]
 [ 1. -1. -1. -1. -1. -1.  1.  1.  1.  1.  1.  1.  1.  1.]
 [-1. -1. -1. -1.  1.  1.  1. -1.  1.  1.  1.  1.  1.  1.]
 [ 1. -1. -1. -1. -1. -1.  1.  1.  1.  1.  1.  1.  1.  1.]]",-1.2857142857142858,0.3163265306122449,65536
33,"[[-1. -1. -1. -1. -1.  1.  1. -1. -1. -1. -1.  1. -1. -1.]
 [-1. -1. -1. -1. -1. -1. -1. -1. -1. -1. -1. -1. -1. -1.]
 [-1. -1. -1. -1. -1. -1. -1. -1. -1.  1. -1. -1. -1. -1.]
 [ 1. -1. -1. -1. -1. -1. -1.  1.  1.  1.  1. -1. -1. -1.]
 [-1. -1. -1. -1. -1. -1. -1. -1. -1.  1.  1.  1. -1. -1.]
 [-1. -1. -1. -1. -1.  1. -1. -1. -1. -1. -1. -1. -1.  1.]
 [-1. -1. -1. -1. -1.  1. -1. -1. -1. -1. -1. -1. -1. -1.]
 [-1. -1. -1. -1. -1. -1. -1. -1. -1. -1. -1. -1. -1. -1.]
 [-1. -1.  1. -1. -1. -1. -1.  1. -1. -1.  1. -1. -1. -1.]
 [ 1. -1. -1. -1.  1. -1. -1. -1. -1. -1.  1. -1. -1. -1.]
 [ 1. -1. -1.  1. -1. -1. -1. -1. -1. -1. -1. -1. -1.  1.]
 [-1. -1. -1. -1. -1. -1. -1. -1. -1. -1. -1. -1. -1. -1.]
 [-1. -1. -1. -1. -1. -1. -1. -1.  1. -1. -1. -1. -1. -1.]
 [-1. -1. -1. -1. -1. -1.  1. -1.  1. -1. -1. -1.  1. -1.]]",-1.163265306122449,-0.7142857142857143,32768
34,"[[ 1. -1. -1.  1.  1.  1.  1.  1.  1.  1.  1. -1. -1. -1.]
 [ 1.  1.  1.  1.  1.  1.  1.  1.  1. -1.  1. -1. -1. -1.]
 [-1.  1. -1.  1.  1.  1. -1.  1. -1.  1.  1. -1.  1. -1.]
 [ 1.  1.  1.  1.  1.  1. -1. -1. -1.  1.  1. -1.  1.  1.]
 [ 1.  1.  1.  1.  1.  1. -1. -1. -1. -1.  1.  1.  1.  1.]
 [ 1.  1.  1.  1. -1.  1.  1. -1. -1. -1.  1.  1.  1.  1.]
 [ 1.  1.  1.  1.  1.  1.  1. -1. -1. -1.  1.  1.  1.  1.]
 [ 1.  1.  1.  1.  1.  1. -1. -1.  1. -1. -1.  1.  1.  1.]
 [ 1.  1.  1.  1. -1.  1. -1. -1. -1. -1. -1. -1. -1.  1.]
 [ 1.  1.  1.  1. -1.  1.  1.  1.  1. -1. -1. -1. -1. -1.]
 [ 1.  1. -1. -1.  1.  1.  1.  1.  1. -1. -1. -1. -1.  1.]
 [ 1.  1.  1. -1.  1.  1.  1.  1.  1.  1.  1.  1.  1. -1.]
 [-1.  1.  1.  1.  1.  1.  1.  1.  1.  1.  1.  1. -1. -1.]
 [-1. -1. -1.  1.  1.  1.  1.  1.  1.  1.  1. -1. -1. -1.]]",-0.9795918367346939,0.336734693877551,32768
35,"[[ 1.  1.  1. -1.  1. -1. -1.  1.  1.  1.  1.  1.  1.  1.]
 [ 1.  1.  1.  1.  1.  1.  1.  1.  1.  1.  1. -1.  1.  1.]
 [ 1.  1.  1.  1.  1.  1.  1.  1. -1.  1.  1. -1. -1.  1.]
 [ 1. -1.  1.  1.  1.  1.  1.  1. -1. -1. -1. -1. -1. -1.]
 [ 1.  1.  1.  1.  1.  1.  1.  1. -1. -1. -1.  1.  1. -1.]
 [-1.  1.  1.  1.  1.  1.  1.  1.  1.  1.  1.  1.  1.  1.]
 [ 1.  1.  1.  1.  1.  1. -1.  1.  1. -1.  1.  1.  1.  1.]
 [ 1.  1.  1.  1.  1.  1.  1.  1.  1.  1.  1. -1.  1.  1.]
 [-1.  1.  1.  1.  1.  1.  1.  1.  1.  1. -1. -1. -1.  1.]
 [ 1.  1.  1.  1. -1.  1.  1.  1.  1.  1. -1. -1. -1.  1.]
 [ 1.  1.  1.  1. -1.  1.  1.  1.  1.  1. -1.  1.  1.  1.]
 [-1.  1.  1.  1. -1.  1.  1.  1.  1.  1.  1. -1. -1.  1.]
 [-1. -1.  1.  1.  1.  1.  1.  1.  1.  1.  1. -1. -1. -1.]
 [ 1.  1. -1. -1.  1.  1.  1.  1.  1.  1.  1.  1. -1.  1.]]",-1.0,0.5510204081632653,131072
36,"[[-1. -1.  1.  1.  1.  1. -1. -1. -1. -1. -1. -1. -1.  1.]
 [-1. -1. -1. -1.  1. -1. -1. -1.  1. -1. -1. -1. -1. -1.]
 [-1. -1. -1. -1. -1. -1. -1. -1. -1. -1. -1. -1.  1. -1.]
 [-1. -1. -1. -1. -1. -1. -1. -1. -1. -1. -1. -1. -1. -1.]
 [-1. -1.  1. -1. -1. -1. -1. -1. -1.  1. -1. -1. -1. -1.]
 [-1. -1. -1. -1. -1. -1. -1. -1. -1. -1. -1. -1. -1. -1.]
 [-1. -1. -1. -1. -1. -1.  1. -1. -1. -1. -1. -1. -1. -1.]
 [-1. -1. -1. -1. -1. -1. -1. -1. -1. -1. -1. -1. -1. -1.]
 [-1.  1. -1. -1. -1. -1. -1. -1. -1.  1.  1. -1. -1. -1.]
 [-1.  1.  1. -1. -1. -1. -1. -1. -1.  1.  1.  1.  1.  1.]
 [-1. -1. -1. -1. -1. -1. -1.  1.  1.  1.  1.  1. -1.  1.]
 [ 1.  1. -1. -1. -1. -1. -1. -1.  1.  1. -1.  1. -1.  1.]
 [-1. -1. -1. -1. -1. -1. -1. -1. -1.  1. -1. -1.  1.  1.]
 [ 1.  1.  1.  1. -1.  1. -1. -1.  1.  1. -1. -1. -1.  1.]]",-1.0612244897959184,-0.5510204081632653,16384
37,"[[ 1.  1.  1.  1.  1.  1.  1.  1.  1.  1.  1.  1.  1.  1.]
 [ 1.  1.  1.  1. -1.  1.  1.  1.  1.  1.  1.  1.  1.  1.]
 [ 1.  1.  1.  1. -1. -1.  1.  1.  1.  1.  1.  1.  1.  1.]
 [ 1.  1.  1.  1. -1. -1. -1.  1.  1.  1.  1.  1.  1.  1.]
 [ 1.  1.  1. -1. -1. -1.  1.  1.  1.  1.  1.  1.  1.  1.]
 [ 1.  1.  1. -1. -1.  1.  1.  1.  1.  1.  1. -1. -1.  1.]
 [ 1.  1.  1. -1. -1. -1.  1.  1.  1. -1.  1. -1. -1.  1.]
 [ 1.  1.  1. -1. -1. -1.  1. -1. -1. -1.  1. -1. -1.  1.]
 [ 1.  1.  1. -1. -1.  1.  1. -1. -1. -1. -1. -1. -1.  1.]
 [ 1.  1.  1.  1.  1.  1. -1. -1. -1. -1. -1. -1. -1. -1.]
 [ 1.  1.  1.  1.  1. -1. -1. -1. -1. -1. -1. -1.  1. -1.]
 [ 1.  1.  1.  1.  1. -1. -1. -1. -1. -1. -1. -1.  1.  1.]
 [ 1.  1.  1.  1.  1.  1.  1.  1. -1. -1. -1. -1.  1.  1.]
 [ 1. -1.  1.  1.  1. -1.  1.  1. -1. -1. -1.  1.  1.  1.]]",-1.2244897959183674,0.3163265306122449,65536
38,"[[-1. -1. -1. -1. -1. -1. -1. -1. -1. -1. -1. -1. -1. -1.]
 [-1. -1. -1. -1. -1. -1. -1.  1. -1.  1. -1. -1. -1. -1.]
 [-1. -1.  1.  1. -1. -1. -1. -1. -1. -1. -1. -1. -1. -1.]
 [-1. -1. -1. -1. -1.  1. -1. -1. -1. -1. -1. -1.  1. -1.]
 [-1. -1. -1. -1. -1.  1. -1. -1. -1. -1. -1. -1. -1. -1.]
 [-1.  1.  1.  1.  1.  1. -1. -1. -1. -1.  1. -1. -1. -1.]
 [-1. -1. -1. -1. -1. -1. -1. -1. -1. -1. -1. -1. -1. -1.]
 [-1. -1.  1. -1. -1. -1. -1. -1. -1. -1. -1. -1. -1. -1.]
 [ 1. -1.  1.  1. -1. -1. -1. -1. -1. -1. -1. -1.  1.  1.]
 [ 1.  1.  1.  1.  1. -1. -1. -1. -1. -1.  1.  1.  1.  1.]
 [ 1.  1.  1.  1.  1. -1. -1. -1. -1.  1. -1. -1.  1.  1.]
 [ 1.  1.  1.  1.  1. -1. -1. -1. -1. -1. -1.  1.  1.  1.]
 [ 1.  1.  1. -1.  1. -1. -1. -1. -1. -1. -1. -1.  1.  1.]
 [ 1.  1.  1.  1. -1. -1. -1. -1. -1. -1. -1. -1. -1.  1.]]",-1.163265306122449,-0.4387755102040816,32768
39,"[[ 1.  1.  1.  1.  1.  1.  1.  1.  1.  1.  1.  1.  1.  1.]
 [ 1.  1.  1.  1.  1.  1.  1.  1.  1.  1.  1.  1.  1.  1.]
 [ 1.  1.  1.  1.  1.  1.  1.  1.  1.  1. -1.  1.  1.  1.]
 [ 1.  1.  1.  1.  1.  1.  1.  1.  1.  1.  1.  1.  1.  1.]
 [ 1.  1.  1.  1.  1.  1.  1. -1.  1. -1. -1. -1. -1.  1.]
 [ 1.  1.  1.  1.  1.  1.  1.  1.  1.  1.  1.  1.  1.  1.]
 [ 1.  1.  1.  1.  1.  1.  1.  1.  1.  1.  1.  1.  1.  1.]
 [ 1.  1.  1.  1.  1.  1.  1.  1.  1.  1.  1.  1.  1.  1.]
 [ 1.  1.  1.  1.  1.  1.  1. -1.  1.  1.  1.  1.  1.  1.]
 [-1.  1.  1.  1.  1.  1.  1.  1.  1.  1.  1. -1.  1. -1.]
 [ 1.  1.  1.  1.  1.  1.  1.  1.  1.  1.  1.  1.  1.  1.]
 [ 1.  1.  1.  1.  1.  1.  1.  1.  1.  1.  1.  1.  1.  1.]
 [ 1.  1.  1.  1.  1.  1.  1.  1. -1. -1.  1.  1.  1.  1.]
 [ 1.  1.  1.  1.  1.  1.  1.  1. -1. -1.  1.  1.  1.  1.]]",-1.5918367346938775,0.8571428571428571,32768
40,"[[ 1.  1.  1.  1.  1.  1.  1.  1.  1. -1. -1. -1. -1.  1.]
 [-1.  1.  1.  1.  1.  1.  1. -1.  1.  1.  1. -1. -1.  1.]
 [-1.  1.  1.  1.  1.  1. -1. -1.  1.  1.  1. -1. -1.  1.]
 [ 1.  1.  1.  1.  1. -1. -1. -1. -1. -1. -1. -1. -1. -1.]
 [ 1.  1.  1.  1.  1. -1. -1.  1.  1. -1. -1. -1. -1. -1.]
 [-1.  1.  1.  1.  1.  1. -1.  1.  1. -1. -1. -1.  1.  1.]
 [-1. -1. -1. -1.  1.  1. -1.  1.  1.  1. -1.  1.  1. -1.]
 [-1. -1.  1. -1.  1. -1. -1.  1.  1. -1. -1.  1. -1. -1.]
 [ 1. -1.  1. -1.  1.  1.  1.  1. -1. -1. -1.  1.  1.  1.]
 [ 1.  1.  1. -1.  1.  1.  1.  1.  1. -1. -1.  1.  1.  1.]
 [ 1.  1.  1.  1.  1.  1.  1.  1.  1.  1.  1.  1. -1. -1.]
 [ 1.  1.  1.  1.  1. -1.  1.  1. -1. -1.  1.  1.  1.  1.]
 [ 1.  1.  1.  1.  1. -1. -1.  1.  1. -1.  1.  1.  1.  1.]
 [ 1.  1.  1.  1.  1. -1. -1.  1.  1. -1. -1.  1.  1.  1.]]",-0.8163265306122449,0.2857142857142857,32768
41,"[[ 1.  1.  1.  1. -1. -1. -1. -1. -1. -1. -1. -1.  1.  1.]
 [ 1.  1.  1.  1. -1. -1. -1. -1. -1. -1. -1. -1. -1. -1.]
 [ 1.  1. -1. -1. -1. -1. -1. -1. -1. -1. -1.  1.  1.  1.]
 [ 1. -1. -1. -1.  1.  1. -1. -1. -1.  1. -1. -1. -1. -1.]
 [ 1. -1. -1. -1.  1.  1.  1. -1.  1.  1. -1. -1. -1. -1.]
 [ 1. -1. -1. -1.  1. -1.  1.  1.  1.  1. -1.  1.  1.  1.]
 [ 1. -1.  1.  1.  1. -1. -1.  1.  1.  1.  1.  1.  1.  1.]
 [ 1.  1.  1.  1.  1. -1. -1.  1.  1. -1.  1.  1.  1.  1.]
 [ 1.  1.  1.  1.  1. -1.  1.  1.  1. -1.  1.  1.  1.  1.]
 [ 1.  1.  1.  1.  1.  1. -1.  1.  1. -1. -1. -1. -1. -1.]
 [ 1.  1.  1.  1.  1.  1.  1. -1. -1. -1. -1. -1. -1.  1.]
 [ 1. -1.  1.  1.  1.  1.  1. -1. -1. -1. -1. -1. -1. -1.]
 [ 1.  1. -1.  1.  1.  1.  1. -1. -1. -1. -1. -1. -1.  1.]
 [ 1.  1.  1.  1.  1.  1.  1. -1. -1. -1. -1. -1. -1.  1.]]",-0.9795918367346939,0.07142857142857142,32768
42,"[[ 1.  1. -1. -1.  1.  1.  1.  1.  1. -1. -1.  1.  1.  1.]
 [-1. -1. -1.  1.  1.  1.  1.  1.  1. -1. -1. -1. -1. -1.]
 [ 1.  1. -1.  1. -1.  1.  1. -1. -1. -1. -1. -1.  1.  1.]
 [ 1. -1. -1.  1. -1. -1. -1.  1. -1. -1. -1. -1. -1. -1.]
 [-1. -1. -1. -1. -1. -1. -1.  1. -1. -1. -1. -1. -1.  1.]
 [-1.  1.  1. -1.  1. -1. -1. -1. -1. -1. -1. -1. -1. -1.]
 [-1.  1.  1. -1.  1.  1. -1. -1. -1. -1. -1. -1. -1. -1.]
 [-1. -1.  1.  1.  1.  1. -1.  1.  1. -1. -1.  1. -1. -1.]
 [-1. -1.  1.  1.  1.  1.  1. -1. -1. -1. -1. -1. -1. -1.]
 [-1.  1.  1.  1.  1.  1. -1. -1. -1. -1. -1. -1. -1. -1.]
 [-1.  1.  1.  1.  1. -1. -1. -1. -1. -1. -1. -1. -1. -1.]
 [-1.  1.  1.  1.  1.  1. -1. -1.  1.  1.  1.  1. -1.  1.]
 [ 1. -1.  1.  1.  1.  1. -1. -1. -1. -1. -1.  1. -1. -1.]
 [ 1. -1. -1. -1.  1.  1.  1.  1. -1. -1. -1. -1. -1.  1.]]",-0.7755102040816326,-0.20408163265306123,131072
43,"[[-1. -1. -1. -1. -1. -1.  1.  1.  1.  1.  1.  1. -1. -1.]
 [-1. -1. -1. -1. -1. -1.  1.  1.  1.  1.  1.  1.  1.  1.]
 [-1. -1. -1. -1. -1.  1.  1.  1.  1.  1.  1.  1.  1. -1.]
 [-1. -1. -1. -1. -1. -1.  1.  1.  1.  1.  1.  1.  1. -1.]
 [ 1.  1.  1.  1.  1. -1.  1.  1. -1.  1.  1.  1.  1. -1.]
 [-1. -1. -1. -1.  1. -1.  1.  1.  1.  1.  1.  1.  1.  1.]
 [ 1. -1. -1.  1.  1.  1.  1.  1. -1.  1.  1.  1.  1. -1.]
 [-1. -1. -1.  1.  1.  1.  1.  1.  1.  1.  1.  1. -1. -1.]
 [-1. -1. -1. -1. -1. -1. -1. -1.  1. -1. -1. -1. -1. -1.]
 [-1. -1. -1. -1.  1.  1.  1.  1.  1. -1. -1. -1. -1. -1.]
 [-1. -1. -1. -1.  1.  1.  1.  1.  1. -1. -1. -1. -1. -1.]
 [-1. -1. -1.  1.  1.  1.  1.  1.  1. -1. -1. -1. -1. -1.]
 [-1. -1. -1. -1.  1.  1.  1.  1. -1. -1.  1.  1.  1.  1.]
 [-1. -1. -1. -1.  1.  1.  1.  1. -1. -1. -1. -1.  1. -1.]]",-1.0204081632653061,0.0,131072
44,"[[ 1.  1. -1.  1.  1. -1.  1.  1. -1.  1. -1. -1. -1.  1.]
 [ 1.  1.  1.  1.  1.  1.  1.  1. -1. -1. -1. -1. -1.  1.]
 [ 1.  1.  1.  1.  1.  1.  1. -1. -1. -1.  1. -1. -1.  1.]
 [ 1.  1.  1. -1.  1.  1.  1. -1. -1. -1. -1.  1.  1.  1.]
 [ 1.  1.  1. -1.  1.  1.  1.  1.  1.  1.  1. -1.  1.  1.]
 [ 1.  1.  1. -1.  1.  1. -1.  1.  1.  1.  1.  1.  1.  1.]
 [ 1.  1.  1.  1.  1.  1.  1.  1.  1.  1.  1.  1.  1.  1.]
 [ 1.  1.  1.  1. -1.  1.  1.  1.  1.  1. -1. -1.  1.  1.]
 [ 1.  1. -1.  1.  1.  1.  1.  1. -1. -1. -1. -1.  1.  1.]
 [ 1.  1.  1. -1.  1.  1.  1.  1. -1. -1. -1. -1.  1.  1.]
 [-1.  1.  1.  1.  1.  1.  1.  1.  1. -1. -1. -1. -1. -1.]
 [-1. -1. -1.  1.  1.  1.  1.  1. -1. -1. -1. -1. -1. -1.]
 [-1. -1.  1.  1.  1.  1.  1.  1.  1.  1. -1. -1.  1.  1.]
 [ 1. -1.  1.  1.  1.  1.  1.  1.  1. -1.  1. -1. -1.  1.]]",-0.9591836734693877,0.37755102040816324,65536
45,"[[-1. -1.  1.  1. -1. -1. -1. -1.  1.  1.  1.  1.  1.  1.]
 [-1. -1.  1.  1.  1.  1.  1.  1.  1.  1.  1.  1.  1.  1.]
 [-1.  1.  1.  1.  1.  1.  1.  1.  1.  1.  1.  1.  1.  1.]
 [ 1.  1.  1.  1.  1.  1.  1.  1.  1.  1.  1. -1. -1. -1.]
 [-1.  1. -1.  1.  1.  1. -1.  1.  1. -1.  1. -1. -1. -1.]
 [-1.  1.  1.  1.  1.  1.  1.  1.  1.  1.  1.  1. -1. -1.]
 [ 1.  1.  1.  1.  1.  1.  1.  1.  1.  1.  1.  1.  1.  1.]
 [-1.  1.  1. -1.  1.  1.  1.  1.  1.  1.  1. -1.  1.  1.]
 [-1.  1.  1.  1.  1.  1.  1.  1.  1.  1. -1. -1. -1. -1.]
 [-1.  1.  1.  1.  1.  1.  1.  1.  1.  1. -1. -1. -1. -1.]
 [-1. -1.  1.  1.  1.  1.  1.  1.  1.  1.  1.  1.  1. -1.]
 [-1. -1. -1.  1.  1.  1.  1.  1.  1.  1.  1.  1.  1. -1.]
 [-1. -1. -1.  1.  1.  1.  1.  1.  1.  1.  1.  1.  1. -1.]
 [-1. -1.  1.  1. -1.  1.  1.  1.  1.  1.  1.  1.  1.  1.]]",-1.2040816326530612,0.5,131072
46,"[[-1.  1.  1. -1. -1.  1.  1.  1. -1. -1.  1.  1.  1. -1.]
 [ 1. -1. -1. -1. -1.  1.  1.  1.  1.  1.  1.  1.  1. -1.]
 [ 1.  1. -1. -1. -1.  1.  1.  1.  1.  1.  1.  1.  1.  1.]
 [ 1.  1.  1. -1. -1. -1.  1.  1.  1.  1.  1.  1.  1. -1.]
 [ 1.  1.  1. -1.  1.  1.  1.  1.  1.  1.  1.  1.  1.  1.]
 [ 1.  1.  1.  1.  1.  1.  1.  1.  1.  1.  1.  1.  1.  1.]
 [ 1.  1. -1.  1.  1.  1.  1.  1.  1. -1.  1.  1.  1.  1.]
 [ 1.  1.  1.  1.  1.  1.  1.  1.  1.  1.  1. -1.  1.  1.]
 [ 1.  1.  1.  1.  1.  1.  1. -1.  1.  1.  1.  1.  1.  1.]
 [ 1.  1.  1.  1.  1.  1. -1. -1. -1.  1.  1.  1.  1.  1.]
 [ 1.  1.  1.  1.  1.  1. -1. -1. -1.  1. -1. -1.  1.  1.]
 [ 1.  1.  1.  1.  1.  1.  1. -1. -1.  1. -1. -1.  1.  1.]
 [-1.  1.  1. -1.  1.  1. -1. -1. -1. -1. -1.  1.  1.  1.]
 [-1.  1.  1.  1.  1.  1.  1. -1.  1. -1. -1.  1. -1. -1.]]",-1.0816326530612246,0.5102040816326531,131072
47,"[[ 1.  1.  1. -1. -1. -1. -1.  1.  1.  1.  1.  1.  1.  1.]
 [ 1.  1.  1.  1. -1. -1.  1.  1.  1.  1.  1.  1.  1.  1.]
 [ 1.  1.  1.  1.  1.  1.  1.  1.  1.  1.  1.  1.  1.  1.]
 [ 1.  1.  1.  1.  1.  1.  1.  1.  1.  1.  1.  1.  1.  1.]
 [ 1.  1.  1. -1.  1.  1.  1.  1.  1.  1.  1.  1.  1.  1.]
 [ 1.  1.  1. -1. -1.  1.  1.  1.  1.  1.  1.  1. -1.  1.]
 [-1.  1.  1. -1. -1.  1.  1.  1.  1.  1.  1.  1. -1. -1.]
 [ 1.  1.  1. -1. -1.  1.  1.  1.  1.  1.  1. -1. -1. -1.]
 [-1. -1. -1. -1. -1.  1.  1. -1.  1.  1.  1. -1. -1. -1.]
 [ 1.  1. -1. -1. -1.  1.  1.  1.  1.  1. -1. -1. -1. -1.]
 [ 1. -1.  1.  1.  1.  1.  1.  1.  1.  1. -1.  1.  1. -1.]
 [ 1. -1.  1.  1.  1. -1. -1. -1. -1.  1.  1.  1.  1.  1.]
 [ 1.  1.  1.  1. -1.  1. -1. -1. -1. -1.  1.  1.  1.  1.]
 [ 1.  1.  1. -1.  1.  1. -1.  1.  1.  1.  1.  1.  1.  1.]]",-1.1224489795918366,0.47959183673469385,65536
48,"[[ 1.  1.  1.  1. -1.  1. -1.  1.  1.  1.  1.  1.  1.  1.]
 [ 1.  1.  1.  1.  1.  1.  1.  1.  1.  1.  1.  1.  1.  1.]
 [ 1.  1.  1.  1.  1.  1.  1.  1.  1.  1.  1.  1.  1.  1.]
 [ 1.  1. -1.  1.  1.  1.  1.  1.  1.  1.  1.  1.  1.  1.]
 [ 1.  1.  1.  1. -1.  1.  1. -1.  1.  1.  1.  1.  1.  1.]
 [ 1.  1.  1.  1.  1.  1.  1.  1.  1.  1.  1.  1.  1. -1.]
 [-1.  1.  1.  1.  1.  1.  1.  1.  1.  1.  1.  1. -1. -1.]
 [-1.  1. -1.  1.  1.  1.  1.  1.  1.  1.  1.  1. -1. -1.]
 [ 1.  1. -1.  1.  1.  1.  1.  1.  1.  1.  1.  1.  1.  1.]
 [ 1.  1.  1.  1.  1.  1. -1.  1.  1.  1.  1.  1.  1. -1.]
 [ 1.  1.  1.  1.  1.  1. -1.  1.  1.  1.  1.  1.  1.  1.]
 [ 1.  1.  1.  1.  1. -1. -1.  1.  1.  1.  1.  1.  1.  1.]
 [ 1.  1. -1.  1.  1. -1. -1. -1.  1.  1.  1.  1.  1.  1.]
 [ 1.  1.  1.  1.  1.  1. -1.  1.  1.  1.  1.  1.  1.  1.]]",-1.3877551020408163,0.7551020408163265,32768
49,"[[-1. -1. -1. -1. -1. -1.  1.  1.  1.  1.  1.  1. -1.  1.]
 [-1. -1. -1. -1. -1. -1.  1.  1.  1.  1.  1.  1. -1. -1.]
 [-1. -1. -1. -1.  1.  1.  1.  1.  1.  1.  1.  1. -1. -1.]
 [-1. -1. -1. -1.  1.  1.  1. -1.  1.  1.  1. -1. -1. -1.]
 [-1. -1. -1. -1.  1.  1.  1. -1.  1.  1. -1. -1. -1. -1.]
 [-1. -1.  1. -1. -1. -1.  1.  1.  1.  1. -1. -1. -1.  1.]
 [ 1.  1.  1.  1. -1. -1. -1.  1. -1. -1. -1.  1. -1.  1.]
 [ 1.  1.  1.  1.  1. -1.  1.  1. -1. -1. -1.  1. -1.  1.]
 [ 1.  1. -1. -1. -1. -1.  1. -1. -1. -1. -1. -1. -1.  1.]
 [-1. -1.  1. -1. -1.  1. -1. -1. -1. -1. -1. -1. -1. -1.]
 [-1. -1. -1. -1. -1.  1. -1. -1. -1. -1. -1. -1. -1. -1.]
 [ 1. -1. -1. -1. -1.  1.  1. -1. -1.  1. -1. -1. -1. -1.]
 [ 1. -1. -1. -1. -1.  1.  1. -1. -1.  1. -1. -1. -1. -1.]
 [ 1. -1. -1. -1. -1. -1.  1. -1.  1.  1. -1.  1.  1. -1.]]",-0.8979591836734694,-0.23469387755102042,32768
50,"[[ 1.  1.  1.  1.  1.  1. -1. -1. -1. -1. -1. -1.  1.  1.]
 [ 1.  1.  1.  1.  1.  1.  1.  1. -1. -1. -1.  1.  1.  1.]
 [ 1.  1.  1.  1.  1.  1.  1.  1. -1. -1. -1.  1.  1.  1.]
 [ 1.  1. -1. -1.  1.  1.  1.  1.  1. -1.  1.  1.  1.  1.]
 [ 1.  1.  1.  1.  1.  1.  1.  1.  1.  1.  1.  1.  1.  1.]
 [-1. -1. -1.  1. -1. -1.  1. -1. -1. -1.  1. -1.  1.  1.]
 [-1. -1. -1. -1.  1.  1. -1. -1. -1. -1. -1. -1. -1. -1.]
 [-1. -1. -1.  1. -1. -1. -1. -1. -1. -1. -1. -1. -1. -1.]
 [ 1. -1.  1.  1.  1.  1. -1. -1. -1.  1. -1. -1. -1. -1.]
 [ 1.  1.  1. -1. -1.  1. -1. -1. -1. -1. -1. -1. -1.  1.]
 [ 1.  1.  1.  1.  1.  1. -1. -1. -1. -1. -1.  1.  1.  1.]
 [ 1.  1.  1.  1. -1. -1. -1. -1. -1. -1. -1.  1.  1.  1.]
 [ 1. -1.  1.  1. -1.  1. -1. -1. -1. -1.  1.  1.  1.  1.]
 [ 1.  1.  1. -1. -1.  1. -1. -1. -1. -1.  1.  1.  1.  1.]]",-0.9795918367346939,0.08163265306122448,65536
51,"[[-1.  1.  1.  1.  1.  1.  1. -1. -1. -1. -1. -1. -1. -1.]
 [-1.  1.  1.  1.  1.  1. -1. -1. -1. -1. -1. -1. -1. -1.]
 [-1.  1.  1.  1.  1.  1.  1. -1. -1. -1. -1. -1. -1. -1.]
 [-1. -1.  1.  1.  1.  1.  1. -1.  1. -1.  1. -1. -1. -1.]
 [-1. -1.  1.  1.  1.  1.  1. -1.  1.  1.  1. -1. -1. -1.]
 [ 1.  1.  1.  1. -1. -1. -1. -1. -1.  1. -1. -1. -1. -1.]
 [-1. -1.  1. -1.  1.  1. -1. -1. -1.  1.  1. -1. -1. -1.]
 [ 1.  1. -1.  1.  1.  1.  1.  1. -1.  1. -1. -1. -1.  1.]
 [ 1.  1. -1.  1.  1.  1.  1.  1.  1. -1. -1.  1.  1.  1.]
 [ 1.  1.  1.  1.  1.  1.  1. -1. -1. -1. -1. -1.  1. -1.]
 [ 1.  1.  1. -1. -1. -1. -1. -1. -1. -1. -1. -1.  1.  1.]
 [ 1.  1.  1. -1. -1.  1. -1. -1. -1. -1. -1. -1.  1.  1.]
 [ 1.  1.  1. -1. -1.  1.  1.  1. -1. -1. -1. -1.  1.  1.]
 [ 1.  1. -1. -1. -1.  1.  1. -1. -1. -1. -1. -1. -1.  1.]]",-0.9183673469387755,-0.04081632653061224,65536
52,"[[ 1.  1.  1.  1.  1. -1. -1.  1.  1. -1.  1.  1.  1.  1.]
 [ 1.  1.  1.  1.  1. -1. -1.  1.  1. -1. -1. -1.  1.  1.]
 [ 1.  1.  1.  1.  1.  1.  1.  1.  1. -1. -1. -1.  1.  1.]
 [ 1.  1.  1.  1.  1.  1.  1.  1.  1. -1. -1. -1. -1. -1.]
 [ 1.  1.  1.  1.  1. -1.  1.  1.  1. -1. -1. -1.  1.  1.]
 [ 1.  1.  1.  1.  1.  1.  1.  1.  1. -1. -1. -1.  1.  1.]
 [ 1.  1.  1.  1.  1.  1.  1.  1.  1.  1.  1.  1.  1.  1.]
 [ 1.  1.  1.  1.  1.  1.  1. -1.  1.  1.  1.  1.  1.  1.]
 [-1. -1.  1.  1.  1.  1.  1.  1.  1.  1.  1. -1. -1.  1.]
 [ 1.  1.  1.  1.  1.  1.  1.  1.  1.  1.  1. -1. -1. -1.]
 [ 1.  1.  1.  1.  1.  1.  1.  1.  1.  1.  1.  1.  1.  1.]
 [ 1.  1.  1.  1.  1. -1.  1.  1.  1.  1.  1.  1.  1.  1.]
 [ 1.  1.  1.  1. -1. -1. -1.  1.  1.  1.  1.  1.  1.  1.]
 [ 1.  1.  1.  1.  1.  1. -1. -1. -1.  1.  1.  1.  1.  1.]]",-1.3061224489795917,0.6122448979591837,65536
53,"[[ 1.  1.  1. -1.  1.  1.  1.  1.  1.  1. -1.  1.  1.  1.]
 [ 1.  1.  1.  1.  1.  1.  1.  1.  1.  1. -1. -1.  1.  1.]
 [ 1.  1.  1.  1.  1.  1.  1.  1.  1.  1. -1. -1.  1.  1.]
 [ 1.  1.  1.  1.  1.  1.  1.  1.  1.  1.  1.  1.  1.  1.]
 [ 1.  1.  1.  1.  1.  1.  1.  1.  1.  1.  1.  1.  1.  1.]
 [ 1.  1.  1.  1.  1.  1.  1.  1.  1.  1.  1.  1.  1.  1.]
 [ 1.  1.  1.  1.  1.  1.  1.  1.  1.  1.  1.  1.  1.  1.]
 [ 1.  1.  1.  1.  1.  1.  1.  1.  1.  1.  1.  1.  1.  1.]
 [ 1.  1.  1.  1.  1.  1.  1.  1.  1.  1.  1.  1.  1.  1.]
 [ 1. -1.  1.  1.  1.  1.  1.  1.  1.  1.  1.  1.  1.  1.]
 [-1.  1.  1.  1. -1.  1.  1.  1.  1.  1.  1.  1.  1.  1.]
 [ 1.  1.  1.  1.  1.  1.  1.  1.  1.  1.  1.  1.  1.  1.]
 [ 1.  1.  1.  1.  1.  1.  1.  1.  1.  1.  1.  1.  1.  1.]
 [ 1.  1.  1.  1.  1.  1.  1. -1.  1.  1.  1.  1.  1.  1.]]",-1.6938775510204083,0.8979591836734694,32768
54,"[[-1.  1.  1.  1.  1.  1.  1.  1.  1. -1. -1. -1. -1. -1.]
 [-1.  1.  1.  1.  1.  1.  1.  1. -1. -1. -1.  1. -1. -1.]
 [ 1. -1. -1.  1.  1.  1.  1.  1. -1. -1.  1.  1.  1.  1.]
 [-1. -1. -1. -1.  1.  1.  1.  1. -1. -1.  1.  1.  1.  1.]
 [-1. -1.  1.  1. -1.  1.  1.  1.  1.  1.  1.  1. -1. -1.]
 [-1.  1.  1.  1.  1.  1.  1.  1.  1.  1.  1.  1.  1. -1.]
 [-1.  1.  1.  1.  1.  1.  1.  1.  1.  1.  1.  1. -1. -1.]
 [-1.  1. -1.  1.  1.  1.  1. -1.  1.  1.  1.  1.  1.  1.]
 [ 1.  1. -1.  1.  1.  1.  1. -1.  1.  1.  1.  1.  1.  1.]
 [ 1.  1. -1.  1.  1.  1.  1.  1.  1.  1.  1.  1.  1.  1.]
 [ 1.  1.  1.  1.  1.  1.  1.  1.  1.  1.  1.  1.  1.  1.]
 [ 1.  1.  1.  1.  1.  1.  1.  1.  1.  1.  1.  1.  1.  1.]
 [ 1.  1.  1.  1.  1.  1.  1.  1. -1.  1.  1. -1. -1.  1.]
 [ 1.  1.  1.  1.  1.  1.  1.  1.  1. -1. -1. -1. -1. -1.]]",-1.2244897959183674,0.5306122448979592,65536
55,"[[ 1.  1.  1.  1.  1.  1.  1.  1.  1.  1.  1.  1.  1.  1.]
 [ 1.  1.  1.  1.  1.  1.  1.  1.  1.  1.  1.  1.  1.  1.]
 [ 1.  1.  1.  1.  1.  1.  1.  1.  1.  1.  1.  1.  1.  1.]
 [-1. -1.  1.  1.  1.  1.  1.  1.  1.  1.  1.  1.  1.  1.]
 [ 1. -1. -1.  1.  1.  1.  1.  1.  1.  1.  1.  1.  1.  1.]
 [ 1.  1.  1.  1.  1.  1. -1.  1.  1.  1.  1.  1.  1.  1.]
 [ 1.  1.  1.  1.  1.  1. -1.  1.  1.  1.  1.  1.  1.  1.]
 [ 1.  1.  1.  1.  1.  1.  1.  1.  1.  1.  1.  1.  1.  1.]
 [ 1.  1.  1.  1. -1. -1.  1.  1.  1. -1. -1. -1.  1.  1.]
 [ 1.  1.  1. -1.  1.  1.  1.  1.  1.  1.  1. -1.  1.  1.]
 [ 1.  1.  1.  1.  1.  1.  1.  1.  1.  1.  1.  1.  1.  1.]
 [ 1.  1.  1.  1.  1.  1.  1.  1.  1.  1.  1.  1.  1.  1.]
 [ 1.  1.  1. -1.  1.  1.  1.  1.  1.  1.  1.  1.  1.  1.]
 [ 1.  1.  1. -1.  1.  1.  1.  1.  1.  1.  1.  1.  1.  1.]]",-1.5714285714285714,0.8469387755102041,65536
56,"[[ 1.  1.  1.  1.  1.  1.  1.  1.  1.  1.  1.  1. -1.  1.]
 [ 1.  1.  1. -1. -1.  1.  1.  1.  1.  1.  1.  1. -1.  1.]
 [-1.  1.  1. -1. -1.  1.  1.  1.  1.  1.  1.  1. -1. -1.]
 [-1. -1. -1.  1.  1.  1.  1.  1. -1.  1.  1.  1. -1. -1.]
 [-1.  1.  1.  1.  1.  1.  1.  1. -1. -1.  1.  1.  1.  1.]
 [ 1.  1.  1.  1.  1.  1.  1.  1. -1. -1.  1.  1.  1. -1.]
 [-1.  1.  1.  1.  1.  1.  1.  1. -1. -1. -1. -1.  1. -1.]
 [-1.  1.  1.  1.  1.  1. -1.  1.  1. -1.  1. -1. -1. -1.]
 [ 1.  1.  1.  1.  1. -1. -1. -1. -1. -1.  1.  1.  1.  1.]
 [ 1.  1.  1. -1. -1. -1. -1. -1. -1. -1.  1.  1. -1. -1.]
 [ 1.  1. -1. -1. -1. -1. -1. -1.  1. -1.  1. -1.  1.  1.]
 [ 1.  1. -1.  1. -1. -1.  1.  1. -1.  1.  1. -1.  1.  1.]
 [ 1.  1.  1.  1. -1.  1.  1.  1.  1. -1.  1.  1.  1.  1.]
 [ 1.  1.  1.  1.  1.  1.  1.  1.  1.  1.  1.  1.  1.  1.]]",-0.8979591836734694,0.3673469387755102,65536
57,"[[-1.  1.  1.  1.  1.  1.  1.  1. -1. -1. -1. -1. -1. -1.]
 [ 1.  1.  1.  1.  1.  1.  1.  1. -1. -1. -1. -1. -1. -1.]
 [ 1.  1.  1.  1.  1.  1.  1.  1.  1. -1. -1. -1. -1.  1.]
 [ 1.  1. -1. -1.  1.  1.  1.  1. -1. -1. -1. -1. -1.  1.]
 [ 1.  1. -1. -1.  1.  1.  1.  1. -1.  1. -1. -1.  1.  1.]
 [ 1.  1.  1. -1. -1. -1.  1. -1.  1. -1. -1. -1. -1. -1.]
 [ 1.  1.  1.  1. -1. -1. -1. -1. -1. -1. -1.  1. -1.  1.]
 [ 1. -1. -1. -1. -1. -1.  1. -1. -1. -1. -1.  1. -1. -1.]
 [ 1.  1.  1.  1.  1. -1. -1.  1. -1.  1.  1.  1.  1.  1.]
 [ 1.  1.  1.  1. -1. -1. -1. -1. -1.  1.  1.  1.  1.  1.]
 [ 1.  1.  1.  1. -1. -1. -1. -1.  1. -1. -1. -1.  1.  1.]
 [ 1.  1.  1. -1. -1.  1. -1. -1.  1. -1. -1. -1. -1.  1.]
 [ 1.  1.  1. -1. -1.  1. -1. -1. -1.  1.  1. -1. -1.  1.]
 [-1.  1.  1.  1.  1. -1. -1. -1. -1. -1. -1. -1. -1. -1.]]",-0.8367346938775511,0.01020408163265306,262144
58,"[[-1. -1. -1. -1. -1. -1. -1. -1. -1. -1. -1. -1. -1. -1.]
 [-1. -1. -1. -1. -1. -1. -1. -1. -1. -1. -1.  1.  1. -1.]
 [-1. -1. -1. -1. -1. -1. -1. -1. -1. -1. -1. -1. -1. -1.]
 [-1. -1. -1. -1. -1. -1. -1. -1. -1. -1. -1. -1. -1. -1.]
 [-1. -1. -1. -1. -1. -1. -1. -1. -1. -1. -1. -1. -1. -1.]
 [-1. -1. -1. -1. -1. -1. -1. -1. -1. -1. -1. -1. -1. -1.]
 [-1. -1. -1. -1. -1. -1. -1. -1. -1. -1. -1.  1.  1.  1.]
 [-1. -1. -1. -1. -1. -1. -1. -1. -1. -1. -1. -1.  1.  1.]
 [ 1. -1. -1. -1. -1. -1. -1. -1. -1.  1.  1.  1.  1.  1.]
 [-1. -1. -1.  1.  1.  1. -1. -1. -1. -1.  1.  1.  1.  1.]
 [-1. -1. -1.  1. -1. -1. -1. -1. -1. -1.  1.  1.  1. -1.]
 [-1. -1. -1. -1. -1. -1. -1. -1. -1. -1. -1.  1. -1. -1.]
 [-1. -1.  1. -1. -1. -1. -1. -1. -1. -1. -1. -1. -1. -1.]
 [ 1. -1.  1. -1. -1. -1. -1. -1. -1. -1. -1. -1. -1. -1.]]",-1.469387755102041,-0.7142857142857143,65536
59,"[[ 1. -1. -1.  1. -1.  1.  1.  1.  1.  1.  1.  1.  1.  1.]
 [ 1.  1.  1.  1.  1.  1.  1.  1.  1.  1.  1.  1.  1.  1.]
 [ 1.  1.  1. -1. -1.  1.  1.  1.  1.  1.  1. -1.  1.  1.]
 [ 1.  1. -1.  1.  1.  1.  1.  1.  1.  1.  1.  1.  1.  1.]
 [ 1.  1.  1.  1.  1.  1.  1. -1.  1.  1.  1.  1.  1.  1.]
 [ 1.  1. -1.  1.  1.  1.  1. -1.  1.  1.  1.  1.  1.  1.]
 [ 1.  1. -1. -1.  1.  1.  1. -1. -1.  1.  1.  1.  1.  1.]
 [ 1.  1. -1.  1.  1.  1.  1. -1. -1. -1. -1.  1.  1.  1.]
 [ 1.  1.  1. -1.  1.  1. -1. -1.  1.  1.  1.  1.  1.  1.]
 [ 1. -1.  1. -1.  1.  1.  1.  1.  1.  1.  1.  1.  1.  1.]
 [ 1.  1. -1. -1.  1.  1.  1.  1.  1.  1.  1.  1.  1.  1.]
 [ 1. -1. -1. -1.  1.  1.  1.  1.  1.  1.  1.  1.  1.  1.]
 [ 1.  1. -1. -1.  1.  1. -1.  1.  1.  1.  1.  1.  1.  1.]
 [ 1. -1. -1. -1.  1.  1.  1.  1.  1.  1.  1.  1.  1.  1.]]",-1.2040816326530612,0.6428571428571429,131072
60,"[[-1. -1. -1. -1.  1. -1.  1.  1.  1.  1.  1.  1.  1. -1.]
 [ 1.  1.  1.  1.  1.  1.  1.  1.  1.  1.  1.  1.  1.  1.]
 [ 1.  1. -1.  1.  1.  1.  1.  1.  1.  1.  1.  1.  1.  1.]
 [ 1.  1.  1.  1.  1.  1.  1.  1.  1.  1.  1. -1.  1.  1.]
 [ 1.  1.  1.  1.  1.  1.  1.  1.  1. -1.  1. -1.  1.  1.]
 [ 1.  1. -1. -1. -1.  1.  1.  1. -1. -1. -1. -1.  1.  1.]
 [ 1.  1. -1. -1. -1.  1.  1.  1.  1.  1.  1.  1.  1.  1.]
 [ 1.  1. -1.  1.  1.  1.  1.  1.  1.  1.  1.  1.  1.  1.]
 [ 1.  1. -1. -1. -1.  1.  1.  1.  1.  1.  1.  1.  1.  1.]
 [ 1. -1. -1. -1. -1. -1.  1.  1.  1.  1.  1.  1.  1.  1.]
 [ 1. -1. -1. -1. -1. -1.  1.  1.  1.  1.  1.  1.  1.  1.]
 [ 1. -1. -1. -1. -1. -1. -1. -1.  1.  1.  1.  1.  1.  1.]
 [ 1.  1. -1. -1. -1. -1.  1.  1.  1.  1.  1.  1.  1.  1.]
 [ 1.  1. -1. -1. -1. -1.  1.  1.  1.  1.  1.  1.  1. -1.]]",-1.3061224489795917,0.4897959183673469,32768
61,"[[ 1. -1.  1. -1. -1. -1. -1. -1. -1.  1.  1.  1.  1.  1.]
 [-1. -1. -1. -1. -1. -1. -1. -1. -1.  1.  1.  1.  1.  1.]
 [-1. -1. -1. -1. -1. -1. -1. -1. -1.  1.  1.  1.  1. -1.]
 [-1. -1. -1. -1. -1. -1. -1. -1. -1. -1. -1.  1.  1. -1.]
 [-1. -1. -1. -1. -1.  1. -1. -1. -1. -1. -1.  1.  1. -1.]
 [-1.  1.  1. -1. -1. -1. -1. -1. -1. -1. -1. -1.  1. -1.]
 [-1.  1.  1. -1. -1. -1.  1.  1. -1. -1. -1. -1. -1. -1.]
 [ 1. -1. -1. -1. -1. -1.  1.  1. -1. -1. -1. -1. -1. -1.]
 [-1. -1. -1.  1. -1. -1. -1. -1. -1. -1. -1. -1. -1. -1.]
 [-1. -1. -1. -1. -1. -1. -1. -1. -1. -1. -1. -1. -1. -1.]
 [ 1.  1. -1. -1. -1.  1. -1.  1. -1. -1. -1. -1. -1. -1.]
 [-1. -1. -1. -1. -1. -1. -1. -1. -1. -1. -1. -1. -1. -1.]
 [-1. -1. -1. -1. -1. -1. -1. -1. -1.  1.  1.  1. -1. -1.]
 [-1. -1. -1. -1. -1. -1. -1. -1. -1.  1.  1.  1.  1. -1.]]",-1.2448979591836735,-0.5612244897959183,16384
62,"[[ 1.  1.  1.  1. -1.  1.  1.  1. -1. -1. -1. -1.  1.  1.]
 [ 1.  1.  1.  1.  1.  1.  1.  1.  1.  1.  1.  1.  1.  1.]
 [ 1.  1.  1.  1.  1.  1.  1.  1.  1.  1.  1.  1. -1. -1.]
 [ 1.  1.  1.  1.  1.  1.  1. -1.  1.  1.  1.  1.  1. -1.]
 [ 1.  1.  1.  1.  1.  1. -1.  1.  1.  1.  1.  1.  1. -1.]
 [ 1.  1.  1.  1.  1.  1.  1.  1.  1.  1.  1.  1.  1. -1.]
 [ 1.  1.  1.  1.  1.  1.  1.  1.  1.  1.  1.  1.  1.  1.]
 [-1. -1.  1.  1.  1.  1.  1.  1.  1.  1.  1.  1.  1. -1.]
 [-1. -1.  1.  1.  1. -1.  1.  1.  1.  1.  1.  1. -1. -1.]
 [-1.  1.  1.  1.  1.  1.  1.  1.  1.  1.  1.  1.  1. -1.]
 [ 1.  1.  1.  1.  1.  1.  1.  1.  1.  1.  1.  1.  1.  1.]
 [ 1.  1.  1.  1. -1.  1.  1.  1.  1.  1.  1.  1.  1.  1.]
 [ 1.  1.  1.  1.  1.  1.  1.  1.  1.  1.  1.  1.  1.  1.]
 [ 1.  1.  1.  1.  1.  1.  1.  1.  1.  1.  1.  1.  1.  1.]]",-1.4285714285714286,0.7653061224489796,131072
63,"[[ 1.  1.  1.  1. -1. -1.  1. -1. -1.  1.  1.  1.  1.  1.]
 [ 1.  1. -1. -1. -1. -1. -1.  1. -1. -1.  1.  1.  1.  1.]
 [ 1.  1.  1. -1. -1. -1. -1. -1. -1. -1. -1. -1. -1.  1.]
 [ 1. -1.  1.  1.  1.  1.  1.  1.  1. -1. -1. -1. -1.  1.]
 [ 1.  1.  1.  1.  1.  1.  1.  1.  1.  1.  1.  1.  1.  1.]
 [ 1.  1.  1.  1.  1.  1.  1.  1.  1.  1.  1.  1.  1.  1.]
 [ 1.  1.  1.  1.  1.  1.  1.  1.  1. -1.  1.  1.  1.  1.]
 [ 1.  1.  1.  1.  1.  1.  1.  1.  1. -1.  1.  1.  1.  1.]
 [ 1.  1.  1.  1.  1. -1.  1.  1.  1. -1.  1.  1.  1.  1.]
 [ 1. -1.  1.  1.  1.  1.  1.  1.  1.  1.  1.  1.  1.  1.]
 [ 1. -1.  1.  1.  1.  1.  1.  1.  1.  1.  1.  1.  1.  1.]
 [ 1.  1.  1.  1.  1.  1.  1.  1.  1.  1.  1.  1.  1.  1.]
 [ 1.  1.  1.  1.  1.  1.  1.  1.  1.  1.  1.  1.  1.  1.]
 [ 1.  1.  1.  1.  1.  1.  1.  1. -1.  1.  1.  1. -1.  1.]]",-1.346938775510204,0.6530612244897959,65536
64,"[[ 1. -1. -1.  1.  1.  1.  1.  1.  1.  1.  1.  1.  1.  1.]
 [ 1.  1.  1.  1.  1.  1.  1.  1.  1.  1.  1.  1.  1.  1.]
 [ 1.  1.  1.  1. -1. -1. -1.  1.  1.  1.  1.  1.  1. -1.]
 [ 1.  1.  1.  1.  1. -1.  1.  1.  1.  1.  1. -1. -1. -1.]
 [ 1.  1.  1.  1.  1.  1.  1.  1. -1.  1.  1. -1. -1. -1.]
 [ 1.  1.  1.  1.  1.  1.  1.  1.  1.  1.  1. -1. -1. -1.]
 [ 1. -1.  1.  1.  1.  1.  1.  1.  1.  1.  1.  1.  1. -1.]
 [ 1.  1.  1.  1.  1.  1.  1.  1.  1.  1.  1.  1.  1.  1.]
 [ 1.  1.  1.  1.  1.  1.  1.  1. -1.  1.  1.  1. -1.  1.]
 [ 1.  1.  1.  1.  1. -1. -1. -1. -1.  1.  1.  1.  1.  1.]
 [ 1.  1.  1. -1.  1. -1. -1. -1. -1.  1.  1.  1.  1.  1.]
 [ 1.  1.  1.  1.  1.  1.  1. -1. -1. -1. -1.  1.  1.  1.]
 [ 1. -1. -1.  1.  1.  1.  1. -1. -1. -1. -1.  1. -1.  1.]
 [ 1.  1. -1.  1.  1.  1.  1.  1.  1.  1.  1.  1.  1.  1.]]",-1.183673469387755,0.5714285714285714,16384
65,"[[-1.  1.  1.  1.  1.  1.  1.  1.  1.  1. -1. -1. -1. -1.]
 [-1.  1.  1.  1.  1.  1.  1.  1.  1. -1. -1. -1. -1. -1.]
 [ 1.  1.  1.  1.  1.  1.  1.  1.  1.  1. -1. -1.  1.  1.]
 [ 1.  1.  1.  1.  1.  1.  1.  1. -1.  1. -1.  1.  1.  1.]
 [ 1.  1. -1. -1.  1.  1.  1.  1. -1.  1. -1. -1.  1.  1.]
 [ 1.  1.  1.  1.  1. -1.  1. -1. -1. -1.  1. -1.  1. -1.]
 [ 1.  1.  1.  1.  1.  1.  1. -1. -1. -1.  1. -1. -1. -1.]
 [-1.  1.  1.  1.  1.  1.  1.  1. -1. -1.  1. -1. -1. -1.]
 [-1.  1. -1. -1. -1.  1.  1. -1. -1.  1.  1. -1. -1. -1.]
 [-1. -1.  1.  1. -1. -1. -1. -1. -1.  1. -1. -1. -1. -1.]
 [-1. -1.  1.  1. -1. -1. -1.  1. -1.  1.  1. -1. -1. -1.]
 [-1. -1. -1. -1.  1. -1.  1.  1. -1.  1.  1. -1. -1. -1.]
 [-1. -1. -1.  1.  1. -1.  1.  1.  1.  1.  1. -1.  1.  1.]
 [-1. -1. -1.  1.  1.  1.  1. -1. -1.  1.  1. -1. -1.  1.]]",-0.7959183673469388,0.10204081632653061,32768
66,"[[ 1. -1. -1. -1. -1. -1.  1.  1.  1.  1. -1. -1. -1. -1.]
 [ 1. -1. -1. -1.  1.  1. -1. -1. -1. -1. -1. -1. -1. -1.]
 [-1. -1.  1. -1.  1.  1. -1. -1. -1. -1. -1. -1. -1. -1.]
 [-1. -1.  1. -1. -1. -1. -1. -1. -1. -1. -1. -1.  1.  1.]
 [-1. -1. -1. -1. -1. -1. -1. -1. -1. -1. -1. -1. -1. -1.]
 [-1. -1. -1. -1. -1. -1. -1. -1. -1. -1. -1. -1. -1. -1.]
 [-1. -1. -1. -1. -1. -1. -1. -1. -1. -1. -1. -1. -1. -1.]
 [-1. -1. -1. -1. -1. -1. -1. -1. -1. -1. -1. -1. -1. -1.]
 [-1. -1. -1. -1. -1. -1. -1. -1. -1. -1. -1.  1.  1. -1.]
 [-1. -1. -1. -1. -1. -1. -1. -1. -1. -1. -1. -1. -1. -1.]
 [-1. -1. -1. -1. -1. -1. -1. -1. -1. -1. -1. -1. -1. -1.]
 [-1. -1. -1. -1. -1. -1. -1. -1. -1. -1. -1. -1. -1. -1.]
 [-1. -1. -1. -1. -1. -1. -1. -1. -1. -1. -1. -1. -1. -1.]
 [-1. -1. -1. -1. -1. -1.  1.  1. -1. -1. -1. -1. -1. -1.]]",-1.5510204081632653,-0.8163265306122449,65536
67,"[[-1. -1. -1. -1. -1.  1.  1. -1. -1. -1. -1. -1. -1. -1.]
 [-1. -1. -1. -1. -1.  1.  1. -1. -1. -1. -1. -1. -1. -1.]
 [-1. -1. -1. -1. -1.  1.  1. -1. -1. -1. -1. -1. -1. -1.]
 [-1. -1. -1. -1. -1.  1.  1. -1. -1. -1. -1. -1. -1.  1.]
 [-1.  1.  1.  1.  1.  1.  1. -1. -1. -1. -1. -1. -1. -1.]
 [-1. -1.  1.  1.  1. -1.  1. -1. -1. -1. -1. -1. -1.  1.]
 [-1. -1. -1. -1. -1.  1. -1. -1. -1. -1. -1. -1. -1.  1.]
 [-1. -1. -1. -1. -1. -1.  1. -1. -1. -1. -1. -1. -1. -1.]
 [-1. -1. -1. -1. -1. -1. -1. -1. -1. -1. -1. -1. -1.  1.]
 [-1. -1. -1. -1. -1. -1. -1. -1. -1. -1. -1. -1. -1.  1.]
 [-1.  1.  1.  1. -1. -1. -1.  1. -1. -1. -1. -1. -1. -1.]
 [-1.  1. -1. -1. -1. -1. -1. -1. -1. -1. -1. -1. -1. -1.]
 [ 1.  1. -1.  1. -1. -1. -1. -1. -1. -1.  1.  1.  1.  1.]
 [ 1.  1.  1.  1. -1. -1. -1.  1.  1. -1. -1. -1.  1.  1.]]",-1.0816326530612246,-0.5408163265306123,32768
68,"[[-1. -1. -1. -1. -1. -1. -1.  1. -1. -1. -1. -1. -1. -1.]
 [-1. -1. -1. -1. -1. -1. -1. -1. -1. -1. -1. -1. -1. -1.]
 [ 1. -1. -1. -1. -1. -1. -1. -1. -1.  1. -1. -1. -1. -1.]
 [ 1. -1. -1. -1.  1.  1.  1. -1. -1. -1. -1. -1. -1. -1.]
 [ 1.  1.  1.  1.  1.  1. -1. -1. -1. -1. -1. -1. -1.  1.]
 [ 1.  1.  1.  1.  1.  1.  1. -1. -1. -1. -1. -1. -1. -1.]
 [-1. -1. -1.  1.  1.  1.  1. -1. -1.  1. -1. -1. -1. -1.]
 [-1. -1. -1.  1.  1. -1.  1.  1.  1. -1. -1. -1. -1. -1.]
 [-1. -1. -1. -1. -1. -1.  1. -1. -1. -1. -1. -1. -1. -1.]
 [-1. -1. -1. -1. -1. -1. -1. -1. -1. -1. -1. -1. -1. -1.]
 [-1.  1. -1. -1. -1. -1. -1. -1. -1. -1. -1. -1. -1. -1.]
 [-1. -1.  1. -1. -1. -1. -1. -1. -1. -1. -1. -1. -1. -1.]
 [-1. -1. -1. -1. -1. -1. -1. -1. -1. -1. -1. -1. -1. -1.]
 [-1. -1. -1. -1. -1. -1. -1. -1. -1. -1. -1. -1. -1. -1.]]",-1.3877551020408163,-0.6530612244897959,16384
69,"[[-1. -1. -1. -1. -1. -1. -1. -1. -1. -1. -1.  1. -1. -1.]
 [-1. -1. -1.  1. -1. -1. -1. -1. -1.  1. -1. -1. -1. -1.]
 [-1. -1. -1. -1. -1. -1. -1. -1. -1. -1. -1. -1. -1. -1.]
 [-1. -1. -1. -1. -1.  1.  1. -1. -1. -1. -1. -1.  1. -1.]
 [-1. -1. -1. -1. -1. -1. -1. -1. -1. -1. -1. -1. -1. -1.]
 [-1. -1. -1. -1. -1. -1. -1. -1.  1. -1. -1. -1. -1. -1.]
 [-1. -1.  1. -1. -1. -1. -1. -1. -1. -1. -1. -1. -1. -1.]
 [-1. -1. -1. -1. -1. -1. -1. -1. -1. -1. -1. -1. -1. -1.]
 [-1.  1.  1. -1. -1. -1. -1. -1.  1. -1. -1. -1. -1. -1.]
 [-1. -1. -1. -1. -1. -1. -1.  1.  1.  1. -1. -1. -1. -1.]
 [-1. -1. -1. -1. -1. -1. -1. -1. -1. -1. -1. -1. -1. -1.]
 [-1. -1. -1. -1. -1. -1. -1. -1. -1. -1. -1. -1. -1. -1.]
 [-1. -1. -1. -1. -1. -1. -1. -1. -1. -1. -1. -1. -1. -1.]
 [-1. -1. -1. -1. -1. -1. -1. -1. -1. -1.  1.  1. -1. -1.]]",-1.489795918367347,-0.8367346938775511,131072
70,"[[-1. -1. -1. -1. -1. -1. -1.  1.  1.  1.  1.  1. -1. -1.]
 [-1.  1. -1.  1. -1.  1.  1.  1.  1.  1. -1. -1. -1.  1.]
 [-1. -1. -1. -1. -1. -1. -1. -1. -1. -1. -1. -1. -1. -1.]
 [-1. -1. -1. -1. -1. -1. -1. -1. -1. -1. -1. -1. -1. -1.]
 [ 1.  1. -1. -1. -1. -1. -1.  1. -1. -1. -1. -1. -1. -1.]
 [-1.  1. -1. -1. -1.  1.  1.  1. -1. -1. -1.  1. -1.  1.]
 [-1. -1. -1. -1. -1. -1. -1.  1. -1. -1. -1.  1. -1. -1.]
 [-1. -1. -1.  1.  1.  1.  1.  1.  1.  1.  1.  1.  1. -1.]
 [-1. -1. -1.  1.  1.  1.  1.  1.  1.  1. -1.  1.  1. -1.]
 [-1. -1. -1. -1.  1.  1.  1.  1.  1.  1.  1.  1.  1. -1.]
 [-1. -1. -1.  1.  1.  1.  1.  1.  1.  1.  1.  1.  1. -1.]
 [-1. -1. -1. -1.  1.  1.  1.  1.  1.  1.  1.  1.  1. -1.]
 [-1. -1. -1. -1.  1. -1. -1. -1. -1. -1.  1.  1. -1. -1.]
 [ 1. -1. -1. -1.  1. -1. -1. -1. -1.  1.  1.  1. -1. -1.]]",-0.9795918367346939,-0.19387755102040816,65536
71,"[[-1. -1.  1. -1. -1.  1.  1.  1.  1. -1. -1. -1. -1. -1.]
 [-1. -1. -1. -1.  1.  1.  1.  1.  1. -1. -1. -1. -1. -1.]
 [-1. -1. -1. -1. -1.  1. -1.  1.  1. -1. -1. -1. -1. -1.]
 [-1. -1. -1. -1. -1. -1. -1.  1.  1. -1. -1. -1. -1. -1.]
 [-1. -1. -1. -1. -1. -1. -1.  1.  1. -1. -1. -1. -1. -1.]
 [-1. -1. -1. -1. -1. -1. -1. -1. -1. -1. -1. -1. -1. -1.]
 [-1. -1. -1. -1. -1. -1. -1.  1. -1. -1. -1. -1. -1. -1.]
 [-1.  1. -1. -1. -1.  1.  1. -1. -1. -1. -1. -1. -1. -1.]
 [-1. -1. -1. -1. -1.  1.  1. -1. -1.  1. -1.  1. -1. -1.]
 [-1. -1. -1. -1. -1. -1.  1. -1. -1.  1.  1. -1.  1. -1.]
 [-1. -1. -1. -1. -1. -1. -1. -1. -1.  1. -1. -1. -1. -1.]
 [-1. -1. -1. -1. -1. -1. -1. -1.  1.  1. -1. -1. -1. -1.]
 [-1. -1. -1.  1. -1. -1. -1. -1.  1. -1. -1. -1. -1. -1.]
 [ 1.  1. -1.  1. -1.  1.  1.  1.  1. -1. -1. -1. -1. -1.]]",-1.183673469387755,-0.5816326530612245,32768
72,"[[ 1.  1.  1. -1. -1. -1. -1. -1. -1.  1.  1.  1.  1.  1.]
 [ 1.  1.  1.  1. -1.  1. -1.  1.  1.  1.  1.  1.  1.  1.]
 [ 1.  1.  1.  1. -1. -1. -1. -1.  1.  1.  1. -1.  1.  1.]
 [ 1.  1.  1.  1.  1. -1. -1. -1.  1.  1.  1.  1.  1.  1.]
 [ 1.  1. -1. -1.  1. -1. -1.  1.  1.  1.  1.  1.  1.  1.]
 [ 1.  1.  1. -1. -1. -1. -1.  1.  1.  1.  1.  1.  1.  1.]
 [ 1.  1.  1. -1. -1. -1. -1. -1. -1.  1.  1.  1.  1.  1.]
 [-1. -1. -1. -1. -1. -1. -1. -1. -1.  1. -1. -1.  1.  1.]
 [-1. -1. -1. -1. -1. -1. -1. -1. -1. -1. -1. -1.  1.  1.]
 [-1. -1. -1. -1. -1. -1. -1. -1. -1. -1. -1. -1. -1. -1.]
 [-1. -1. -1. -1. -1. -1. -1.  1. -1. -1. -1. -1. -1. -1.]
 [-1. -1. -1.  1.  1. -1. -1. -1. -1.  1. -1. -1. -1. -1.]
 [-1. -1. -1. -1. -1. -1. -1.  1.  1.  1. -1.  1.  1.  1.]
 [ 1.  1. -1. -1. -1. -1. -1. -1.  1.  1.  1.  1.  1.  1.]]",-1.183673469387755,-0.07142857142857142,32768
73,"[[ 1.  1.  1.  1.  1.  1.  1. -1. -1. -1.  1. -1.  1.  1.]
 [ 1.  1.  1.  1.  1.  1.  1. -1. -1. -1. -1. -1. -1.  1.]
 [ 1.  1.  1.  1.  1. -1. -1. -1. -1. -1. -1. -1. -1. -1.]
 [ 1.  1.  1.  1. -1. -1. -1. -1.  1.  1. -1. -1. -1.  1.]
 [ 1.  1.  1. -1. -1. -1. -1. -1. -1. -1. -1. -1. -1.  1.]
 [ 1.  1.  1. -1. -1. -1. -1. -1. -1. -1. -1. -1.  1.  1.]
 [ 1.  1.  1. -1. -1. -1. -1. -1. -1.  1. -1. -1.  1.  1.]
 [ 1.  1.  1. -1.  1.  1. -1. -1.  1.  1. -1.  1.  1.  1.]
 [ 1.  1.  1. -1.  1. -1. -1. -1.  1. -1. -1. -1. -1.  1.]
 [ 1.  1.  1.  1.  1. -1. -1. -1. -1. -1. -1. -1.  1.  1.]
 [ 1. -1.  1.  1.  1.  1. -1. -1. -1. -1. -1. -1. -1. -1.]
 [ 1.  1.  1.  1.  1.  1.  1.  1.  1. -1. -1. -1. -1.  1.]
 [ 1.  1.  1.  1.  1.  1.  1.  1. -1. -1. -1. -1.  1.  1.]
 [ 1.  1.  1.  1.  1.  1.  1. -1. -1.  1. -1. -1. -1.  1.]]",-1.1020408163265305,0.04081632653061224,65536
74,"[[-1. -1. -1. -1. -1. -1.  1.  1.  1.  1.  1.  1.  1.  1.]
 [-1. -1. -1. -1.  1.  1.  1.  1.  1.  1. -1.  1.  1. -1.]
 [-1. -1.  1. -1.  1.  1.  1.  1.  1.  1.  1. -1. -1. -1.]
 [-1. -1. -1. -1.  1.  1.  1.  1.  1. -1.  1. -1. -1. -1.]
 [-1.  1.  1.  1.  1.  1.  1.  1.  1.  1. -1. -1.  1.  1.]
 [-1.  1.  1.  1.  1.  1.  1.  1.  1.  1.  1. -1.  1.  1.]
 [-1. -1.  1.  1.  1.  1.  1. -1. -1. -1. -1.  1.  1.  1.]
 [-1.  1. -1.  1.  1.  1.  1.  1. -1. -1. -1. -1. -1. -1.]
 [-1. -1. -1.  1.  1.  1.  1. -1.  1. -1. -1.  1. -1. -1.]
 [-1. -1. -1. -1.  1.  1.  1.  1.  1. -1. -1.  1. -1.  1.]
 [-1. -1. -1. -1.  1.  1.  1.  1.  1.  1.  1.  1.  1.  1.]
 [-1. -1. -1. -1.  1.  1.  1.  1.  1.  1.  1.  1.  1.  1.]
 [-1. -1. -1. -1.  1.  1.  1.  1.  1. -1.  1.  1.  1.  1.]
 [-1. -1. -1. -1. -1. -1.  1.  1.  1.  1.  1.  1.  1.  1.]]",-1.0204081632653061,0.19387755102040816,32768
75,"[[ 1.  1.  1.  1.  1.  1.  1. -1.  1.  1.  1. -1. -1. -1.]
 [ 1. -1. -1. -1.  1.  1.  1.  1.  1.  1.  1. -1.  1. -1.]
 [-1. -1. -1.  1.  1.  1.  1.  1.  1.  1.  1. -1.  1. -1.]
 [ 1.  1.  1.  1.  1.  1.  1.  1. -1.  1.  1. -1.  1.  1.]
 [ 1.  1.  1.  1.  1.  1. -1. -1. -1.  1.  1. -1. -1.  1.]
 [ 1.  1.  1.  1.  1. -1. -1. -1.  1.  1.  1.  1.  1.  1.]
 [ 1.  1.  1.  1. -1. -1. -1. -1.  1.  1.  1.  1.  1.  1.]
 [ 1.  1.  1.  1. -1. -1.  1.  1.  1.  1.  1.  1.  1.  1.]
 [ 1.  1.  1.  1. -1. -1. -1. -1. -1.  1.  1.  1.  1.  1.]
 [ 1.  1.  1.  1. -1. -1. -1. -1. -1.  1.  1.  1.  1.  1.]
 [ 1.  1.  1.  1. -1. -1. -1.  1.  1.  1.  1. -1.  1. -1.]
 [ 1.  1. -1. -1. -1. -1. -1.  1.  1.  1.  1. -1. -1.  1.]
 [ 1.  1.  1. -1. -1. -1.  1.  1.  1.  1.  1.  1. -1. -1.]
 [-1.  1.  1.  1.  1.  1.  1.  1.  1.  1.  1.  1. -1. -1.]]",-1.0612244897959184,0.3877551020408163,32768
76,"[[ 1.  1.  1.  1.  1. -1.  1.  1.  1.  1. -1. -1.  1.  1.]
 [ 1.  1.  1.  1.  1. -1.  1.  1.  1.  1. -1. -1. -1. -1.]
 [ 1.  1.  1.  1.  1. -1.  1.  1.  1.  1.  1. -1. -1. -1.]
 [ 1.  1.  1.  1.  1. -1.  1.  1.  1.  1.  1.  1.  1.  1.]
 [ 1.  1.  1. -1.  1. -1. -1.  1.  1. -1. -1.  1.  1.  1.]
 [ 1.  1.  1.  1.  1.  1.  1.  1.  1.  1.  1.  1.  1.  1.]
 [-1. -1. -1. -1.  1.  1.  1.  1.  1.  1.  1.  1.  1.  1.]
 [-1. -1.  1.  1. -1. -1.  1.  1.  1.  1.  1.  1.  1.  1.]
 [ 1.  1.  1.  1. -1. -1. -1.  1.  1.  1.  1. -1. -1.  1.]
 [ 1.  1.  1.  1. -1. -1. -1.  1.  1.  1.  1.  1.  1.  1.]
 [ 1.  1.  1. -1. -1. -1. -1.  1.  1.  1.  1.  1.  1.  1.]
 [ 1. -1.  1.  1.  1.  1.  1.  1.  1.  1. -1.  1.  1.  1.]
 [ 1.  1.  1.  1.  1.  1.  1.  1. -1.  1.  1.  1.  1.  1.]
 [ 1.  1.  1.  1.  1.  1.  1.  1. -1.  1. -1. -1.  1.  1.]]",-1.1020408163265305,0.5510204081632653,131072
77,"[[-1.  1.  1.  1. -1. -1. -1. -1. -1. -1. -1. -1. -1. -1.]
 [-1. -1. -1. -1. -1. -1. -1. -1. -1. -1. -1. -1. -1. -1.]
 [ 1. -1. -1. -1. -1. -1. -1. -1. -1. -1.  1. -1. -1. -1.]
 [-1. -1. -1. -1. -1. -1. -1. -1. -1. -1. -1. -1. -1.  1.]
 [-1. -1. -1.  1. -1. -1. -1. -1. -1.  1. -1. -1. -1. -1.]
 [-1. -1. -1. -1.  1. -1. -1. -1. -1.  1.  1. -1. -1. -1.]
 [-1. -1. -1. -1. -1.  1. -1. -1. -1. -1. -1. -1. -1.  1.]
 [ 1. -1.  1. -1. -1. -1. -1. -1. -1. -1. -1. -1.  1.  1.]
 [-1. -1. -1.  1.  1. -1. -1. -1. -1. -1. -1. -1. -1. -1.]
 [ 1. -1. -1. -1. -1. -1. -1. -1. -1. -1. -1. -1. -1. -1.]
 [-1. -1. -1. -1. -1. -1.  1. -1. -1. -1. -1. -1. -1. -1.]
 [ 1.  1. -1.  1. -1. -1.  1. -1. -1. -1.  1. -1. -1. -1.]
 [ 1.  1.  1.  1.  1. -1.  1. -1. -1. -1. -1. -1. -1.  1.]
 [ 1.  1.  1.  1.  1.  1.  1. -1. -1. -1.  1. -1. -1.  1.]]",-1.0204081632653061,-0.5714285714285714,32768
78,"[[ 1. -1. -1.  1.  1.  1.  1.  1.  1. -1. -1. -1.  1.  1.]
 [ 1.  1. -1.  1.  1.  1.  1.  1. -1. -1. -1. -1.  1.  1.]
 [ 1.  1. -1. -1. -1.  1.  1.  1.  1.  1.  1.  1.  1.  1.]
 [ 1.  1. -1. -1. -1. -1. -1. -1.  1.  1.  1.  1.  1.  1.]
 [ 1.  1. -1. -1. -1. -1. -1.  1.  1. -1.  1.  1.  1.  1.]
 [ 1.  1. -1. -1. -1. -1.  1.  1. -1. -1.  1.  1.  1.  1.]
 [ 1.  1. -1. -1. -1.  1.  1.  1.  1.  1.  1.  1.  1.  1.]
 [ 1.  1. -1. -1. -1. -1. -1. -1. -1. -1. -1.  1.  1.  1.]
 [-1. -1. -1. -1. -1. -1. -1. -1. -1. -1. -1. -1. -1. -1.]
 [ 1. -1. -1. -1. -1. -1. -1. -1. -1. -1. -1. -1.  1.  1.]
 [ 1.  1.  1. -1. -1.  1. -1. -1.  1. -1.  1. -1.  1. -1.]
 [ 1.  1. -1. -1. -1.  1.  1. -1. -1. -1.  1. -1. -1. -1.]
 [-1. -1. -1.  1. -1.  1.  1. -1. -1. -1. -1. -1. -1. -1.]
 [-1. -1. -1.  1.  1.  1.  1.  1. -1. -1. -1. -1. -1. -1.]]",-0.9795918367346939,-0.061224489795918366,32768
79,"[[ 1. -1. -1. -1. -1. -1. -1. -1. -1.  1.  1. -1. -1. -1.]
 [ 1. -1. -1. -1. -1. -1. -1. -1.  1.  1. -1. -1.  1.  1.]
 [ 1. -1. -1. -1. -1. -1. -1. -1. -1.  1.  1.  1.  1.  1.]
 [-1. -1. -1. -1. -1. -1. -1.  1.  1. -1.  1.  1.  1.  1.]
 [ 1.  1.  1.  1.  1.  1.  1.  1.  1.  1.  1.  1.  1.  1.]
 [ 1.  1.  1.  1.  1. -1. -1. -1. -1.  1.  1.  1.  1.  1.]
 [ 1. -1. -1. -1. -1. -1. -1. -1. -1. -1. -1. -1. -1. -1.]
 [-1. -1. -1. -1. -1. -1. -1. -1. -1. -1.  1.  1.  1. -1.]
 [-1. -1. -1. -1. -1. -1. -1. -1. -1. -1. -1.  1.  1. -1.]
 [-1. -1. -1. -1. -1.  1.  1. -1. -1. -1. -1.  1.  1. -1.]
 [-1. -1. -1. -1. -1.  1. -1. -1. -1. -1.  1. -1. -1. -1.]
 [-1. -1. -1. -1. -1. -1. -1. -1. -1.  1.  1.  1. -1. -1.]
 [ 1. -1. -1. -1. -1. -1. -1. -1. -1.  1.  1.  1.  1.  1.]
 [-1. -1. -1. -1. -1. -1. -1. -1. -1.  1.  1. -1. -1. -1.]]",-1.0816326530612246,-0.3163265306122449,32768
80,"[[-1. -1.  1. -1.  1. -1. -1. -1. -1. -1. -1. -1. -1. -1.]
 [-1. -1. -1.  1. -1. -1. -1.  1. -1. -1. -1. -1. -1. -1.]
 [-1. -1. -1.  1. -1.  1.  1. -1. -1. -1. -1. -1. -1. -1.]
 [-1.  1.  1.  1. -1. -1. -1. -1. -1. -1. -1. -1. -1. -1.]
 [ 1.  1.  1.  1. -1. -1. -1. -1. -1.  1. -1. -1.  1. -1.]
 [-1. -1. -1.  1.  1. -1. -1. -1. -1. -1. -1. -1. -1.  1.]
 [ 1.  1. -1. -1. -1. -1.  1.  1.  1.  1.  1.  1. -1.  1.]
 [ 1. -1. -1.  1. -1.  1.  1.  1.  1.  1.  1.  1.  1.  1.]
 [ 1. -1. -1.  1.  1.  1.  1.  1. -1.  1.  1.  1. -1.  1.]
 [ 1.  1.  1.  1.  1.  1.  1.  1.  1.  1.  1.  1.  1.  1.]
 [ 1. -1.  1.  1.  1.  1. -1. -1.  1.  1.  1.  1.  1.  1.]
 [ 1. -1.  1.  1.  1.  1. -1. -1.  1.  1. -1. -1. -1. -1.]
 [ 1.  1.  1.  1.  1. -1. -1. -1. -1. -1. -1. -1. -1. -1.]
 [-1.  1. -1.  1.  1. -1. -1. -1. -1. -1. -1. -1. -1. -1.]]",-0.8571428571428571,-0.09183673469387756,65536
81,"[[ 1.  1.  1.  1.  1.  1.  1.  1.  1. -1. -1.  1.  1.  1.]
 [ 1.  1.  1.  1.  1.  1.  1.  1. -1. -1. -1. -1.  1.  1.]
 [ 1.  1.  1.  1.  1.  1. -1. -1. -1. -1. -1. -1.  1.  1.]
 [-1. -1.  1.  1.  1.  1. -1. -1. -1. -1. -1. -1. -1.  1.]
 [-1. -1. -1. -1. -1. -1. -1. -1. -1. -1. -1. -1. -1. -1.]
 [-1. -1. -1. -1. -1.  1. -1. -1. -1. -1. -1. -1. -1. -1.]
 [-1. -1. -1. -1. -1.  1.  1. -1. -1. -1. -1. -1. -1. -1.]
 [-1. -1. -1. -1. -1.  1.  1. -1. -1. -1. -1. -1. -1. -1.]
 [ 1.  1.  1.  1. -1.  1.  1.  1.  1. -1. -1.  1. -1.  1.]
 [ 1. -1. -1.  1.  1.  1.  1.  1.  1. -1.  1.  1.  1.  1.]
 [ 1.  1. -1. -1.  1.  1.  1.  1.  1.  1.  1.  1.  1.  1.]
 [ 1.  1.  1.  1.  1.  1.  1.  1.  1.  1.  1.  1.  1.  1.]
 [ 1.  1.  1.  1.  1.  1.  1.  1.  1.  1.  1.  1.  1.  1.]
 [ 1.  1.  1.  1.  1.  1.  1.  1. -1. -1. -1.  1.  1.  1.]]",-1.3265306122448979,0.14285714285714285,65536
82,"[[ 1.  1.  1.  1.  1.  1.  1.  1. -1. -1. -1. -1. -1.  1.]
 [ 1.  1.  1.  1.  1.  1.  1.  1. -1. -1. -1.  1. -1.  1.]
 [ 1.  1.  1.  1.  1.  1.  1.  1. -1. -1. -1. -1. -1. -1.]
 [ 1.  1.  1.  1.  1.  1. -1. -1. -1. -1. -1. -1. -1. -1.]
 [ 1.  1.  1.  1.  1.  1.  1. -1. -1. -1. -1.  1. -1. -1.]
 [ 1.  1.  1.  1.  1.  1.  1. -1. -1. -1. -1. -1.  1.  1.]
 [ 1.  1.  1.  1. -1. -1. -1. -1. -1. -1. -1.  1.  1.  1.]
 [ 1.  1.  1. -1. -1.  1. -1.  1. -1. -1. -1.  1.  1.  1.]
 [ 1.  1.  1. -1. -1. -1.  1.  1. -1. -1. -1.  1.  1.  1.]
 [ 1. -1. -1. -1. -1. -1. -1. -1. -1. -1. -1. -1.  1.  1.]
 [ 1. -1. -1. -1. -1. -1. -1. -1. -1. -1. -1.  1.  1.  1.]
 [ 1.  1.  1. -1. -1. -1. -1. -1. -1. -1. -1. -1.  1.  1.]
 [ 1.  1.  1. -1. -1.  1.  1.  1. -1. -1. -1. -1.  1.  1.]
 [ 1.  1.  1.  1.  1.  1.  1. -1. -1. -1. -1. -1. -1.  1.]]",-1.2244897959183674,0.030612244897959183,131072
83,"[[ 1.  1. -1. -1. -1.  1.  1.  1.  1.  1.  1. -1. -1.  1.]
 [ 1.  1. -1. -1. -1.  1.  1.  1.  1.  1.  1. -1. -1. -1.]
 [-1.  1. -1. -1. -1. -1.  1.  1.  1.  1. -1.  1.  1. -1.]
 [-1. -1. -1. -1. -1. -1. -1. -1. -1. -1. -1.  1. -1. -1.]
 [-1.  1.  1.  1.  1. -1. -1. -1. -1.  1. -1. -1. -1. -1.]
 [-1.  1.  1.  1.  1.  1. -1. -1. -1. -1. -1. -1. -1. -1.]
 [-1.  1. -1.  1.  1.  1. -1. -1. -1. -1. -1.  1.  1. -1.]
 [-1.  1.  1.  1.  1. -1. -1. -1. -1.  1.  1.  1.  1.  1.]
 [ 1.  1.  1.  1. -1.  1.  1. -1. -1.  1.  1.  1.  1.  1.]
 [ 1.  1.  1. -1. -1. -1.  1. -1.  1.  1. -1.  1. -1.  1.]
 [-1. -1.  1.  1.  1.  1. -1. -1.  1.  1.  1.  1. -1. -1.]
 [-1. -1. -1. -1.  1.  1. -1. -1.  1.  1.  1.  1.  1. -1.]
 [-1. -1. -1.  1.  1.  1. -1.  1.  1.  1. -1. -1. -1. -1.]
 [-1. -1.  1.  1. -1.  1. -1.  1.  1.  1. -1. -1. -1. -1.]]",-0.7346938775510204,-0.02040816326530612,65536
84,"[[-1.  1.  1. -1.  1. -1. -1. -1. -1. -1. -1. -1. -1.  1.]
 [-1. -1. -1. -1.  1.  1. -1. -1. -1. -1. -1.  1. -1. -1.]
 [-1.  1. -1. -1.  1. -1. -1. -1. -1.  1.  1.  1.  1.  1.]
 [ 1.  1. -1. -1. -1. -1. -1. -1. -1.  1.  1.  1.  1.  1.]
 [ 1.  1.  1. -1. -1. -1. -1. -1. -1.  1. -1. -1. -1.  1.]
 [ 1.  1.  1. -1. -1. -1. -1. -1. -1. -1. -1. -1. -1.  1.]
 [ 1.  1.  1. -1. -1. -1. -1. -1. -1. -1. -1. -1. -1. -1.]
 [-1. -1.  1. -1. -1. -1. -1. -1. -1. -1. -1. -1. -1. -1.]
 [-1. -1.  1. -1. -1. -1. -1. -1.  1. -1. -1. -1. -1. -1.]
 [-1. -1.  1. -1. -1. -1. -1.  1.  1. -1. -1. -1. -1.  1.]
 [-1.  1.  1.  1. -1. -1. -1. -1. -1. -1. -1.  1. -1. -1.]
 [ 1.  1.  1.  1.  1.  1. -1. -1. -1. -1. -1.  1.  1.  1.]
 [ 1.  1.  1.  1. -1. -1. -1. -1. -1. -1. -1.  1.  1.  1.]
 [ 1.  1. -1. -1.  1. -1. -1. -1. -1. -1. -1. -1. -1.  1.]]",-1.0408163265306123,-0.3469387755102041,131072
85,"[[ 1.  1.  1.  1.  1.  1. -1. -1. -1. -1.  1.  1.  1.  1.]
 [ 1.  1.  1.  1.  1.  1. -1. -1. -1. -1.  1.  1.  1.  1.]
 [ 1.  1.  1.  1.  1. -1.  1.  1.  1.  1.  1.  1.  1.  1.]
 [ 1.  1.  1.  1.  1.  1.  1. -1. -1.  1.  1.  1.  1.  1.]
 [ 1.  1.  1.  1.  1.  1.  1. -1. -1. -1.  1.  1.  1.  1.]
 [ 1.  1.  1.  1.  1.  1. -1. -1. -1. -1.  1.  1.  1.  1.]
 [ 1.  1.  1.  1. -1. -1. -1.  1.  1. -1.  1.  1. -1.  1.]
 [-1. -1.  1.  1.  1.  1.  1.  1.  1.  1.  1.  1.  1. -1.]
 [-1. -1.  1.  1. -1.  1.  1.  1.  1.  1.  1.  1.  1. -1.]
 [ 1.  1.  1.  1.  1.  1. -1.  1.  1.  1.  1.  1.  1. -1.]
 [ 1.  1.  1.  1.  1.  1.  1. -1.  1. -1.  1.  1.  1.  1.]
 [ 1.  1.  1.  1.  1.  1.  1.  1. -1. -1.  1.  1.  1.  1.]
 [ 1.  1.  1.  1.  1.  1.  1. -1. -1.  1.  1.  1.  1.  1.]
 [ 1.  1.  1.  1.  1.  1.  1. -1. -1.  1.  1.  1.  1.  1.]]",-1.2244897959183674,0.5918367346938775,131072
86,"[[ 1. -1. -1. -1. -1. -1. -1. -1.  1. -1. -1. -1.  1.  1.]
 [-1. -1. -1. -1. -1. -1. -1. -1. -1. -1. -1.  1.  1.  1.]
 [-1. -1. -1.  1. -1. -1. -1. -1. -1.  1.  1. -1. -1. -1.]
 [ 1. -1. -1. -1. -1. -1. -1.  1. -1. -1. -1. -1. -1. -1.]
 [ 1. -1. -1.  1. -1.  1.  1.  1.  1. -1. -1. -1. -1. -1.]
 [-1. -1. -1. -1. -1.  1.  1.  1.  1. -1. -1. -1. -1. -1.]
 [-1. -1. -1. -1. -1.  1.  1.  1.  1. -1. -1. -1. -1. -1.]
 [-1.  1. -1.  1.  1.  1.  1.  1.  1.  1. -1. -1. -1. -1.]
 [-1. -1. -1.  1.  1.  1.  1.  1. -1. -1.  1. -1.  1. -1.]
 [-1. -1. -1.  1.  1.  1.  1. -1. -1. -1. -1. -1. -1. -1.]
 [-1. -1. -1.  1. -1. -1. -1. -1. -1. -1. -1. -1. -1. -1.]
 [-1. -1. -1. -1. -1. -1. -1. -1. -1.  1. -1. -1. -1. -1.]
 [-1. -1. -1. -1. -1. -1. -1. -1.  1. -1. -1. -1. -1. -1.]
 [-1. -1. -1. -1. -1. -1. -1. -1.  1. -1. -1. -1. -1. -1.]]",-1.1224489795918366,-0.5,32768
87,"[[ 1.  1.  1.  1.  1.  1.  1.  1.  1.  1.  1.  1.  1.  1.]
 [ 1.  1.  1.  1.  1.  1.  1.  1.  1.  1. -1. -1. -1.  1.]
 [-1.  1.  1.  1.  1. -1.  1.  1.  1.  1.  1. -1.  1.  1.]
 [-1.  1.  1.  1.  1.  1.  1.  1.  1.  1.  1.  1.  1. -1.]
 [ 1.  1.  1.  1.  1.  1.  1.  1.  1.  1.  1.  1.  1. -1.]
 [ 1.  1.  1.  1.  1.  1.  1.  1.  1. -1.  1.  1. -1. -1.]
 [-1. -1.  1.  1. -1. -1.  1.  1.  1.  1.  1.  1.  1. -1.]
 [-1. -1. -1.  1.  1. -1.  1.  1.  1.  1.  1.  1.  1. -1.]
 [-1. -1. -1. -1. -1. -1. -1.  1.  1.  1.  1. -1.  1.  1.]
 [-1. -1. -1.  1.  1.  1.  1.  1.  1.  1.  1. -1. -1. -1.]
 [ 1. -1. -1. -1. -1. -1. -1.  1. -1.  1.  1.  1.  1.  1.]
 [-1. -1. -1. -1. -1. -1. -1. -1. -1. -1.  1.  1.  1.  1.]
 [-1. -1. -1. -1.  1.  1.  1.  1.  1.  1.  1.  1.  1. -1.]
 [-1. -1. -1. -1.  1. -1.  1.  1.  1.  1.  1. -1.  1.  1.]]",-0.9387755102040817,0.3469387755102041,131072
88,"[[ 1.  1.  1. -1.  1.  1.  1.  1.  1.  1.  1.  1.  1.  1.]
 [ 1.  1.  1.  1.  1.  1.  1.  1.  1.  1.  1.  1.  1. -1.]
 [ 1.  1.  1.  1.  1.  1.  1. -1. -1.  1.  1.  1.  1.  1.]
 [ 1.  1.  1.  1.  1.  1.  1.  1.  1.  1.  1.  1.  1.  1.]
 [ 1.  1.  1.  1. -1.  1.  1.  1.  1.  1.  1.  1. -1. -1.]
 [-1. -1.  1.  1.  1.  1.  1. -1.  1.  1.  1.  1. -1. -1.]
 [-1. -1.  1.  1.  1. -1. -1. -1.  1.  1.  1.  1.  1. -1.]
 [-1. -1.  1.  1.  1. -1. -1.  1.  1. -1. -1.  1.  1. -1.]
 [ 1. -1. -1. -1. -1. -1. -1.  1.  1.  1.  1.  1. -1. -1.]
 [ 1. -1.  1. -1. -1. -1. -1.  1.  1.  1.  1.  1.  1.  1.]
 [ 1.  1.  1. -1. -1. -1. -1. -1.  1.  1.  1.  1.  1.  1.]
 [-1. -1. -1. -1. -1. -1. -1.  1.  1.  1.  1.  1.  1.  1.]
 [-1. -1. -1. -1. -1. -1.  1.  1.  1.  1.  1.  1.  1.  1.]
 [ 1.  1.  1. -1.  1.  1.  1.  1.  1.  1.  1.  1.  1.  1.]]",-1.163265306122449,0.41836734693877553,16384
89,"[[ 1.  1.  1.  1.  1.  1. -1.  1.  1.  1.  1.  1.  1.  1.]
 [ 1.  1.  1.  1.  1. -1. -1.  1.  1.  1.  1. -1.  1.  1.]
 [ 1.  1.  1.  1.  1. -1.  1.  1.  1.  1.  1.  1.  1.  1.]
 [ 1. -1. -1. -1. -1. -1.  1.  1.  1.  1.  1.  1.  1.  1.]
 [ 1. -1.  1. -1. -1. -1.  1.  1.  1.  1.  1.  1.  1.  1.]
 [ 1. -1.  1.  1.  1. -1. -1.  1.  1.  1.  1.  1. -1.  1.]
 [ 1.  1.  1. -1. -1. -1. -1.  1.  1.  1.  1.  1. -1. -1.]
 [ 1.  1.  1.  1.  1.  1.  1.  1.  1.  1.  1.  1. -1. -1.]
 [ 1.  1.  1.  1.  1.  1. -1.  1.  1.  1.  1. -1. -1.  1.]
 [ 1.  1.  1.  1.  1.  1.  1.  1.  1.  1.  1.  1.  1.  1.]
 [ 1.  1.  1.  1.  1.  1.  1.  1.  1.  1.  1.  1.  1.  1.]
 [ 1.  1.  1.  1.  1.  1.  1.  1.  1.  1.  1.  1.  1.  1.]
 [ 1.  1.  1.  1.  1.  1.  1.  1.  1.  1.  1.  1.  1.  1.]
 [ 1.  1.  1.  1.  1.  1.  1.  1. -1.  1.  1.  1.  1.  1.]]",-1.3673469387755102,0.6938775510204082,16384
90,"[[-1. -1.  1.  1.  1.  1.  1.  1.  1.  1.  1.  1.  1.  1.]
 [-1. -1.  1.  1.  1.  1.  1.  1.  1.  1.  1.  1. -1. -1.]
 [ 1.  1.  1.  1. -1.  1.  1.  1.  1.  1.  1.  1.  1.  1.]
 [ 1.  1.  1.  1.  1. -1.  1.  1.  1.  1.  1.  1.  1.  1.]
 [ 1.  1.  1.  1. -1. -1.  1.  1.  1.  1.  1.  1.  1.  1.]
 [ 1.  1.  1. -1.  1.  1.  1.  1.  1.  1.  1.  1.  1.  1.]
 [ 1.  1.  1. -1.  1.  1.  1.  1. -1.  1.  1.  1. -1.  1.]
 [ 1. -1.  1.  1.  1.  1.  1.  1.  1.  1.  1.  1.  1.  1.]
 [ 1.  1.  1. -1.  1.  1.  1.  1.  1.  1.  1.  1.  1. -1.]
 [ 1.  1.  1. -1.  1.  1.  1.  1.  1.  1.  1.  1.  1.  1.]
 [ 1. -1. -1. -1.  1.  1. -1.  1.  1.  1.  1.  1.  1.  1.]
 [-1. -1. -1. -1. -1. -1. -1. -1.  1.  1.  1.  1.  1. -1.]
 [-1. -1. -1. -1. -1. -1. -1. -1.  1.  1.  1.  1. -1. -1.]
 [-1. -1.  1.  1.  1.  1.  1.  1.  1.  1.  1.  1.  1.  1.]]",-1.2244897959183674,0.5612244897959183,65536
91,"[[ 1.  1.  1.  1.  1.  1.  1.  1.  1.  1.  1.  1.  1.  1.]
 [ 1.  1. -1. -1. -1. -1.  1.  1. -1.  1.  1. -1. -1.  1.]
 [ 1.  1. -1. -1. -1. -1.  1.  1.  1. -1. -1. -1. -1.  1.]
 [ 1.  1.  1. -1.  1.  1.  1.  1.  1. -1. -1. -1.  1.  1.]
 [ 1.  1. -1. -1. -1.  1.  1. -1.  1.  1. -1. -1.  1.  1.]
 [ 1.  1. -1. -1.  1.  1.  1. -1.  1. -1. -1.  1.  1.  1.]
 [-1.  1. -1. -1.  1.  1.  1.  1.  1.  1. -1. -1.  1.  1.]
 [-1. -1. -1. -1.  1.  1.  1.  1.  1.  1.  1.  1.  1.  1.]
 [ 1. -1.  1. -1.  1.  1.  1.  1.  1.  1.  1.  1.  1.  1.]
 [ 1.  1.  1.  1.  1.  1.  1.  1.  1.  1.  1.  1.  1.  1.]
 [ 1.  1. -1.  1. -1. -1.  1.  1.  1. -1. -1.  1.  1.  1.]
 [-1. -1.  1.  1. -1. -1.  1.  1.  1.  1.  1.  1.  1.  1.]
 [ 1.  1.  1.  1.  1.  1.  1.  1.  1.  1.  1.  1.  1. -1.]
 [ 1.  1.  1.  1.  1.  1.  1.  1.  1.  1.  1.  1.  1.  1.]]",-1.0,0.47959183673469385,32768
92,"[[-1. -1. -1. -1. -1. -1. -1. -1.  1. -1.  1.  1. -1. -1.]
 [-1. -1. -1. -1. -1. -1. -1. -1.  1. -1. -1. -1. -1. -1.]
 [-1. -1. -1.  1.  1.  1. -1. -1.  1.  1. -1. -1. -1. -1.]
 [-1. -1. -1.  1.  1.  1. -1. -1.  1.  1. -1. -1. -1. -1.]
 [-1. -1. -1. -1.  1.  1.  1.  1.  1.  1.  1. -1.  1. -1.]
 [-1. -1. -1. -1. -1. -1. -1. -1. -1.  1.  1. -1. -1. -1.]
 [-1. -1. -1. -1. -1. -1. -1. -1. -1.  1.  1. -1.  1. -1.]
 [-1. -1. -1.  1. -1. -1. -1.  1.  1.  1.  1. -1.  1.  1.]
 [ 1. -1. -1.  1. -1. -1. -1.  1. -1. -1. -1.  1.  1.  1.]
 [ 1.  1. -1.  1.  1.  1.  1.  1. -1. -1. -1.  1.  1.  1.]
 [-1.  1.  1.  1.  1.  1.  1.  1. -1. -1. -1. -1. -1. -1.]
 [-1.  1.  1.  1.  1.  1.  1.  1. -1. -1. -1. -1. -1. -1.]
 [ 1. -1. -1.  1.  1.  1.  1.  1. -1. -1. -1. -1. -1. -1.]
 [-1. -1. -1. -1. -1.  1.  1. -1. -1. -1.  1. -1.  1. -1.]]",-0.9387755102040817,-0.24489795918367346,262144
93,"[[-1. -1. -1. -1. -1. -1.  1.  1.  1.  1.  1. -1. -1. -1.]
 [-1. -1. -1. -1. -1. -1.  1.  1. -1. -1.  1. -1. -1. -1.]
 [-1. -1. -1.  1. -1. -1. -1. -1. -1. -1.  1.  1.  1.  1.]
 [-1. -1. -1.  1.  1. -1. -1. -1. -1. -1. -1.  1.  1. -1.]
 [-1. -1. -1. -1. -1. -1. -1. -1. -1. -1. -1. -1.  1. -1.]
 [-1. -1. -1. -1. -1. -1. -1. -1. -1. -1. -1.  1.  1. -1.]
 [-1. -1. -1. -1. -1. -1. -1. -1. -1. -1. -1.  1.  1. -1.]
 [-1. -1. -1. -1. -1. -1. -1. -1. -1. -1. -1.  1. -1. -1.]
 [-1. -1. -1. -1. -1. -1. -1. -1. -1. -1. -1. -1. -1. -1.]
 [-1.  1.  1. -1. -1. -1.  1. -1.  1.  1. -1. -1. -1. -1.]
 [-1.  1.  1.  1. -1. -1. -1. -1.  1. -1. -1. -1. -1. -1.]
 [-1.  1. -1. -1. -1. -1. -1.  1.  1. -1. -1. -1. -1. -1.]
 [-1. -1. -1. -1. -1. -1.  1.  1.  1.  1. -1. -1. -1. -1.]
 [-1. -1. -1. -1. -1. -1.  1.  1.  1.  1.  1. -1. -1. -1.]]",-1.2653061224489797,-0.5510204081632653,131072
94,"[[-1. -1. -1. -1. -1. -1.  1.  1. -1. -1. -1. -1.  1. -1.]
 [-1. -1. -1. -1. -1. -1.  1.  1. -1. -1. -1. -1. -1. -1.]
 [ 1. -1. -1. -1. -1. -1.  1.  1.  1. -1. -1. -1. -1. -1.]
 [ 1. -1. -1. -1. -1. -1.  1.  1. -1. -1. -1. -1. -1. -1.]
 [-1. -1.  1. -1. -1. -1.  1. -1. -1. -1. -1. -1. -1. -1.]
 [-1. -1. -1. -1. -1. -1.  1.  1. -1. -1.  1.  1. -1. -1.]
 [-1. -1. -1. -1. -1. -1. -1. -1.  1.  1.  1.  1.  1. -1.]
 [-1. -1. -1. -1. -1. -1. -1. -1.  1.  1.  1.  1. -1.  1.]
 [-1. -1. -1. -1. -1. -1. -1. -1. -1.  1. -1. -1. -1. -1.]
 [-1. -1. -1. -1. -1.  1. -1. -1. -1.  1. -1. -1. -1. -1.]
 [-1. -1. -1. -1.  1. -1. -1. -1. -1. -1. -1. -1. -1. -1.]
 [-1. -1. -1. -1. -1. -1. -1. -1. -1. -1. -1. -1. -1. -1.]
 [-1. -1. -1.  1. -1.  1.  1.  1. -1. -1. -1. -1. -1. -1.]
 [-1. -1. -1. -1.  1.  1.  1.  1. -1. -1. -1. -1. -1.  1.]]",-1.163265306122449,-0.5816326530612245,32768
95,"[[-1. -1. -1. -1. -1. -1. -1. -1.  1.  1.  1.  1.  1.  1.]
 [-1. -1. -1. -1. -1. -1.  1. -1.  1.  1.  1.  1.  1.  1.]
 [-1. -1. -1. -1. -1. -1. -1. -1.  1.  1.  1.  1.  1. -1.]
 [-1. -1. -1. -1.  1.  1.  1. -1. -1.  1.  1.  1.  1.  1.]
 [-1. -1. -1. -1.  1.  1.  1. -1. -1.  1.  1. -1.  1. -1.]
 [-1. -1. -1. -1.  1.  1. -1. -1. -1.  1.  1. -1. -1. -1.]
 [-1. -1.  1. -1. -1.  1. -1.  1.  1.  1. -1. -1. -1. -1.]
 [ 1.  1.  1.  1.  1.  1. -1. -1.  1.  1. -1. -1. -1. -1.]
 [-1.  1.  1.  1.  1.  1. -1. -1.  1.  1. -1.  1.  1. -1.]
 [-1.  1.  1.  1.  1.  1.  1.  1.  1.  1.  1.  1.  1. -1.]
 [-1. -1. -1.  1.  1.  1.  1.  1.  1.  1.  1.  1.  1. -1.]
 [-1. -1. -1. -1. -1.  1.  1.  1.  1. -1.  1.  1.  1. -1.]
 [-1. -1. -1. -1. -1. -1.  1.  1.  1.  1.  1.  1.  1.  1.]
 [-1. -1. -1. -1. -1. -1.  1.  1.  1.  1.  1.  1.  1.  1.]]",-1.1020408163265305,0.05102040816326531,65536
96,"[[-1. -1. -1. -1. -1. -1. -1. -1. -1. -1. -1. -1. -1. -1.]
 [-1. -1. -1. -1. -1. -1. -1. -1. -1. -1. -1. -1. -1. -1.]
 [-1. -1. -1. -1. -1. -1. -1. -1. -1. -1. -1. -1. -1. -1.]
 [-1. -1. -1. -1. -1. -1. -1. -1. -1. -1. -1. -1. -1. -1.]
 [-1. -1. -1. -1. -1. -1. -1. -1. -1. -1. -1. -1. -1. -1.]
 [ 1. -1.  1. -1. -1. -1. -1. -1. -1. -1. -1. -1. -1. -1.]
 [ 1.  1.  1. -1.  1. -1. -1. -1. -1. -1. -1. -1. -1. -1.]
 [ 1.  1. -1. -1. -1. -1. -1. -1. -1. -1. -1. -1. -1. -1.]
 [ 1.  1. -1. -1. -1. -1. -1. -1. -1. -1. -1. -1. -1.  1.]
 [ 1. -1. -1. -1. -1. -1. -1. -1. -1. -1.  1.  1. -1.  1.]
 [ 1.  1. -1. -1. -1. -1. -1. -1. -1. -1.  1.  1. -1. -1.]
 [ 1.  1. -1. -1. -1. -1. -1. -1. -1. -1.  1.  1.  1.  1.]
 [-1. -1. -1. -1. -1.  1.  1. -1. -1. -1. -1. -1. -1. -1.]
 [-1. -1. -1. -1. -1.  1. -1. -1. -1. -1. -1. -1. -1. -1.]]",-1.489795918367347,-0.7142857142857143,65536
97,"[[-1. -1. -1. -1. -1. -1.  1.  1. -1. -1. -1. -1. -1. -1.]
 [-1. -1. -1. -1. -1. -1. -1. -1. -1.  1.  1. -1. -1. -1.]
 [-1. -1.  1. -1. -1.  1. -1. -1. -1. -1. -1. -1. -1. -1.]
 [-1.  1.  1. -1. -1. -1. -1. -1. -1. -1.  1. -1.  1. -1.]
 [-1. -1. -1. -1. -1.  1. -1. -1.  1.  1.  1.  1.  1. -1.]
 [-1. -1. -1. -1. -1. -1. -1.  1.  1.  1.  1.  1.  1. -1.]
 [-1. -1. -1. -1. -1. -1. -1.  1.  1.  1. -1. -1. -1. -1.]
 [-1. -1. -1. -1. -1. -1. -1. -1.  1.  1. -1. -1. -1. -1.]
 [-1. -1. -1.  1.  1.  1.  1.  1.  1.  1.  1. -1. -1. -1.]
 [-1. -1.  1.  1.  1.  1.  1.  1.  1.  1.  1. -1. -1. -1.]
 [-1. -1. -1.  1.  1.  1.  1.  1.  1.  1. -1. -1. -1. -1.]
 [-1. -1. -1.  1.  1.  1.  1.  1.  1.  1. -1. -1. -1. -1.]
 [-1. -1. -1. -1. -1.  1.  1.  1.  1.  1. -1. -1. -1. -1.]
 [-1. -1. -1. -1. -1.  1.  1.  1. -1. -1. -1. -1. -1. -1.]]",-1.2448979591836735,-0.32653061224489793,65536
98,"[[-1. -1. -1. -1. -1. -1. -1.  1.  1. -1.  1. -1.  1.  1.]
 [-1. -1. -1. -1. -1. -1. -1. -1. -1. -1. -1. -1. -1.  1.]
 [ 1.  1.  1.  1.  1.  1. -1. -1.  1.  1. -1. -1.  1.  1.]
 [ 1.  1.  1.  1.  1.  1.  1. -1.  1.  1. -1. -1.  1.  1.]
 [ 1. -1. -1.  1.  1. -1.  1.  1.  1.  1.  1.  1.  1.  1.]
 [-1. -1. -1.  1.  1. -1.  1.  1.  1.  1.  1. -1.  1.  1.]
 [-1. -1. -1.  1. -1. -1. -1.  1.  1.  1.  1. -1. -1. -1.]
 [-1. -1. -1. -1. -1. -1. -1.  1.  1.  1.  1. -1. -1. -1.]
 [-1. -1. -1. -1. -1. -1. -1. -1. -1.  1. -1.  1. -1. -1.]
 [-1. -1. -1. -1. -1. -1. -1. -1. -1.  1.  1. -1. -1. -1.]
 [-1. -1. -1. -1. -1. -1.  1. -1. -1. -1.  1.  1. -1. -1.]
 [-1. -1. -1. -1. -1. -1.  1. -1. -1. -1.  1. -1. -1. -1.]
 [ 1. -1. -1. -1. -1. -1. -1. -1. -1. -1. -1. -1. -1.  1.]
 [-1. -1. -1. -1. -1. -1. -1. -1. -1. -1. -1. -1. -1. -1.]]",-1.0204081632653061,-0.3163265306122449,131072
99,"[[-1. -1. -1. -1. -1. -1. -1. -1. -1. -1. -1.  1. -1. -1.]
 [ 1. -1. -1.  1. -1. -1. -1. -1. -1. -1. -1. -1. -1.  1.]
 [ 1.  1.  1.  1. -1. -1. -1. -1. -1. -1. -1. -1. -1. -1.]
 [-1. -1. -1. -1. -1. -1. -1. -1. -1. -1. -1. -1. -1. -1.]
 [-1. -1. -1. -1. -1. -1. -1. -1. -1. -1. -1. -1. -1. -1.]
 [-1. -1. -1. -1. -1. -1. -1. -1.  1. -1. -1. -1. -1. -1.]
 [-1. -1. -1. -1. -1. -1. -1. -1. -1. -1.  1.  1.  1. -1.]
 [ 1. -1. -1. -1. -1. -1. -1. -1. -1. -1.  1.  1.  1.  1.]
 [-1. -1. -1. -1. -1. -1. -1. -1. -1. -1.  1.  1.  1. -1.]
 [-1. -1. -1. -1. -1. -1. -1. -1. -1. -1. -1.  1.  1.  1.]
 [-1. -1. -1. -1. -1. -1. -1.  1. -1. -1. -1.  1.  1.  1.]
 [-1. -1. -1. -1. -1. -1.  1. -1. -1. -1. -1. -1.  1.  1.]
 [-1. -1. -1. -1. -1. -1.  1.  1. -1. -1. -1. -1.  1.  1.]
 [-1. -1. -1. -1. -1. -1.  1.  1. -1. -1. -1.  1.  1.  1.]]",-1.3265306122448979,-0.6020408163265306,65536
